source,version,file,verdict,blocking_reason
GOROOT,go version go1.27.0 darwin/arm64,archive/tar/example_test.go,approved,
GOROOT,go version go1.27.0 darwin/arm64,archive/tar/fuzz_test.go,approved,
GOROOT,go version go1.27.0 darwin/arm64,archive/tar/reader_test.go,approved,
GOROOT,go version go1.27.0 darwin/arm64,archive/tar/strconv_test.go,approved,
GOROOT,go version go1.27.0 darwin/arm64,archive/tar/tar_test.go,approved,
GOROOT,go version go1.27.0 darwin/arm64,archive/tar/writer_test.go,approved,
GOROOT,go version go1.27.0 darwin/arm64,archive/zip/example_test.go,approved,
GOROOT,go version go1.27.0 darwin/arm64,archive/zip/fuzz_test.go,approved,
GOROOT,go version go1.27.0 darwin/arm64,archive/zip/reader_test.go,approved,
GOROOT,go version go1.27.0 darwin/arm64,archive/zip/writer_test.go,approved,
GOROOT,go version go1.27.0 darwin/arm64,archive/zip/zip64_sparse_test.go,approved,
GOROOT,go version go1.27.0 darwin/arm64,archive/zip/zip64_test.go,approved,
GOROOT,go version go1.27.0 darwin/arm64,archive/zip/zip_test.go,approved,
GOROOT,go version go1.27.0 darwin/arm64,arena/arena_test.go,approved,
GOROOT,go version go1.27.0 darwin/arm64,bufio/bufio_test.go,approved,
GOROOT,go version go1.27.0 darwin/arm64,bufio/example_test.go,approved,
GOROOT,go version go1.27.0 darwin/arm64,bufio/export_test.go,approved,
GOROOT,go version go1.27.0 darwin/arm64,bufio/net_test.go,approved,
GOROOT,go version go1.27.0 darwin/arm64,bufio/scan_test.go,approved,
GOROOT,go version go1.27.0 darwin/arm64,bytes/boundary_test.go,approved,
GOROOT,go version go1.27.0 darwin/arm64,bytes/buffer_test.go,approved,
GOROOT,go version go1.27.0 darwin/arm64,bytes/bytes_js_wasm_test.go,approved,
GOROOT,go version go1.27.0 darwin/arm64,bytes/bytes_test.go,approved,
GOROOT,go version go1.27.0 darwin/arm64,bytes/compare_test.go,approved,
GOROOT,go version go1.27.0 darwin/arm64,bytes/example_test.go,approved,
GOROOT,go version go1.27.0 darwin/arm64,bytes/iter_test.go,approved,
GOROOT,go version go1.27.0 darwin/arm64,bytes/reader_test.go,approved,
GOROOT,go version go1.27.0 darwin/arm64,cmd/addr2line/addr2line_test.go,approved,
GOROOT,go version go1.27.0 darwin/arm64,cmd/api/api_test.go,approved,
GOROOT,go version go1.27.0 darwin/arm64,cmd/api/boring_test.go,approved,
GOROOT,go version go1.27.0 darwin/arm64,cmd/api/main_test.go,approved,
GOROOT,go version go1.27.0 darwin/arm64,cmd/asm/internal/asm/endtoend_test.go,approved,
GOROOT,go version go1.27.0 darwin/arm64,cmd/asm/internal/asm/expr_test.go,approved,
GOROOT,go version go1.27.0 darwin/arm64,cmd/asm/internal/asm/line_test.go,approved,
GOROOT,go version go1.27.0 darwin/arm64,cmd/asm/internal/asm/operand_test.go,approved,
GOROOT,go version go1.27.0 darwin/arm64,cmd/asm/internal/asm/pseudo_test.go,approved,
GOROOT,go version go1.27.0 darwin/arm64,cmd/asm/internal/lex/lex_test.go,approved,
GOROOT,go version go1.27.0 darwin/arm64,cmd/cgo/internal/swig/swig_test.go,approved,
GOROOT,go version go1.27.0 darwin/arm64,cmd/cgo/internal/test/cgo_darwin_test.go,approved,
GOROOT,go version go1.27.0 darwin/arm64,cmd/cgo/internal/test/cgo_linux_test.go,approved,
GOROOT,go version go1.27.0 darwin/arm64,cmd/cgo/internal/test/cgo_stubs_android_test.go,approved,
GOROOT,go version go1.27.0 darwin/arm64,cmd/cgo/internal/test/cgo_stubs_ppc64x_internal_linking_test.go,rejected,test integrity violation: Go test skipping is forbidden (t.Skip)
GOROOT,go version go1.27.0 darwin/arm64,cmd/cgo/internal/test/cgo_test.go,approved,
GOROOT,go version go1.27.0 darwin/arm64,cmd/cgo/internal/test/cgo_unix_test.go,approved,
GOROOT,go version go1.27.0 darwin/arm64,cmd/cgo/internal/test/issue24161_darwin_test.go,approved,
GOROOT,go version go1.27.0 darwin/arm64,cmd/cgo/internal/test/issue7234_test.go,approved,
GOROOT,go version go1.27.0 darwin/arm64,cmd/cgo/internal/test/linux_ppc64x_test.go,approved,
GOROOT,go version go1.27.0 darwin/arm64,cmd/cgo/internal/test/seh_windows_test.go,approved,
GOROOT,go version go1.27.0 darwin/arm64,cmd/cgo/internal/testcarchive/carchive_test.go,approved,
GOROOT,go version go1.27.0 darwin/arm64,cmd/cgo/internal/testcshared/cshared_test.go,approved,
GOROOT,go version go1.27.0 darwin/arm64,cmd/cgo/internal/testerrors/argposition_test.go,approved,
GOROOT,go version go1.27.0 darwin/arm64,cmd/cgo/internal/testerrors/badsym_test.go,approved,
GOROOT,go version go1.27.0 darwin/arm64,cmd/cgo/internal/testerrors/errors_test.go,approved,
GOROOT,go version go1.27.0 darwin/arm64,cmd/cgo/internal/testerrors/ptr_test.go,approved,
GOROOT,go version go1.27.0 darwin/arm64,cmd/cgo/internal/testfortran/fortran_test.go,approved,
GOROOT,go version go1.27.0 darwin/arm64,cmd/cgo/internal/testgodefs/testgodefs_test.go,approved,
GOROOT,go version go1.27.0 darwin/arm64,cmd/cgo/internal/testlife/life_test.go,approved,
GOROOT,go version go1.27.0 darwin/arm64,cmd/cgo/internal/testnocgo/nocgo_test.go,approved,
GOROOT,go version go1.27.0 darwin/arm64,cmd/cgo/internal/testout/out_test.go,approved,
GOROOT,go version go1.27.0 darwin/arm64,cmd/cgo/internal/testplugin/plugin_test.go,approved,
GOROOT,go version go1.27.0 darwin/arm64,cmd/cgo/internal/testsanitizers/asan_test.go,approved,
GOROOT,go version go1.27.0 darwin/arm64,cmd/cgo/internal/testsanitizers/cc_test.go,approved,
GOROOT,go version go1.27.0 darwin/arm64,cmd/cgo/internal/testsanitizers/cshared_test.go,approved,
GOROOT,go version go1.27.0 darwin/arm64,cmd/cgo/internal/testsanitizers/empty_test.go,approved,
GOROOT,go version go1.27.0 darwin/arm64,cmd/cgo/internal/testsanitizers/libfuzzer_test.go,approved,
GOROOT,go version go1.27.0 darwin/arm64,cmd/cgo/internal/testsanitizers/lsan_test.go,approved,
GOROOT,go version go1.27.0 darwin/arm64,cmd/cgo/internal/testsanitizers/msan_test.go,approved,
GOROOT,go version go1.27.0 darwin/arm64,cmd/cgo/internal/testsanitizers/tsan_test.go,approved,
GOROOT,go version go1.27.0 darwin/arm64,cmd/cgo/internal/testshared/shared_test.go,approved,
GOROOT,go version go1.27.0 darwin/arm64,cmd/cgo/internal/testso/so_test.go,approved,
GOROOT,go version go1.27.0 darwin/arm64,cmd/cgo/internal/teststdio/stdio_test.go,approved,
GOROOT,go version go1.27.0 darwin/arm64,cmd/cgo/internal/testtls/tls_test.go,approved,
GOROOT,go version go1.27.0 darwin/arm64,cmd/compile/internal/abt/avlint32_test.go,approved,
GOROOT,go version go1.27.0 darwin/arm64,cmd/compile/internal/amd64/versions_nosimd_test.go,approved,
GOROOT,go version go1.27.0 darwin/arm64,cmd/compile/internal/amd64/versions_simd_test.go,approved,
GOROOT,go version go1.27.0 darwin/arm64,cmd/compile/internal/amd64/versions_test.go,approved,
GOROOT,go version go1.27.0 darwin/arm64,cmd/compile/internal/base/hashdebug_test.go,approved,
GOROOT,go version go1.27.0 darwin/arm64,cmd/compile/internal/compare/compare_test.go,approved,
GOROOT,go version go1.27.0 darwin/arm64,cmd/compile/internal/devirtualize/pgo_test.go,approved,
GOROOT,go version go1.27.0 darwin/arm64,cmd/compile/internal/dwarfgen/linenum_test.go,approved,
GOROOT,go version go1.27.0 darwin/arm64,cmd/compile/internal/dwarfgen/scope_test.go,approved,
GOROOT,go version go1.27.0 darwin/arm64,cmd/compile/internal/importer/gcimporter_test.go,approved,
GOROOT,go version go1.27.0 darwin/arm64,cmd/compile/internal/inline/inlheur/debugflags_test.go,approved,
GOROOT,go version go1.27.0 darwin/arm64,cmd/compile/internal/inline/inlheur/dumpscores_test.go,approved,
GOROOT,go version go1.27.0 darwin/arm64,cmd/compile/internal/inline/inlheur/funcprops_test.go,approved,
GOROOT,go version go1.27.0 darwin/arm64,cmd/compile/internal/inline/inlheur/texpr_classify_test.go,approved,
GOROOT,go version go1.27.0 darwin/arm64,cmd/compile/internal/inline/inlheur/tserial_test.go,approved,
GOROOT,go version go1.27.0 darwin/arm64,cmd/compile/internal/ir/dump_test.go,approved,
GOROOT,go version go1.27.0 darwin/arm64,cmd/compile/internal/ir/func_test.go,approved,
GOROOT,go version go1.27.0 darwin/arm64,cmd/compile/internal/ir/html_test.go,approved,
GOROOT,go version go1.27.0 darwin/arm64,cmd/compile/internal/ir/sizeof_test.go,approved,
GOROOT,go version go1.27.0 darwin/arm64,cmd/compile/internal/liveness/intervals_test.go,approved,
GOROOT,go version go1.27.0 darwin/arm64,cmd/compile/internal/logopt/logopt_test.go,rejected,"test integrity violation: environment/OS/arch-gated early return detected (runtime.GOARCH != ""amd64"")"
GOROOT,go version go1.27.0 darwin/arm64,cmd/compile/internal/loopvar/loopvar_test.go,approved,
GOROOT,go version go1.27.0 darwin/arm64,cmd/compile/internal/noder/lex_test.go,approved,
GOROOT,go version go1.27.0 darwin/arm64,cmd/compile/internal/rangefunc/rangefunc_test.go,approved,
GOROOT,go version go1.27.0 darwin/arm64,cmd/compile/internal/reflectdata/alg_test.go,approved,
GOROOT,go version go1.27.0 darwin/arm64,cmd/compile/internal/ssa/bench_test.go,approved,
GOROOT,go version go1.27.0 darwin/arm64,cmd/compile/internal/ssa/branchelim_test.go,approved,
GOROOT,go version go1.27.0 darwin/arm64,cmd/compile/internal/ssa/copyelim_test.go,approved,
GOROOT,go version go1.27.0 darwin/arm64,cmd/compile/internal/ssa/cse_test.go,approved,
GOROOT,go version go1.27.0 darwin/arm64,cmd/compile/internal/ssa/deadcode_test.go,approved,
GOROOT,go version go1.27.0 darwin/arm64,cmd/compile/internal/ssa/deadstore_test.go,approved,
GOROOT,go version go1.27.0 darwin/arm64,cmd/compile/internal/ssa/debug_lines_test.go,approved,
GOROOT,go version go1.27.0 darwin/arm64,cmd/compile/internal/ssa/debug_test.go,approved,
GOROOT,go version go1.27.0 darwin/arm64,cmd/compile/internal/ssa/dom_test.go,approved,
GOROOT,go version go1.27.0 darwin/arm64,cmd/compile/internal/ssa/export_test.go,approved,
GOROOT,go version go1.27.0 darwin/arm64,cmd/compile/internal/ssa/flags_test.go,approved,
GOROOT,go version go1.27.0 darwin/arm64,cmd/compile/internal/ssa/fmahash_test.go,approved,
GOROOT,go version go1.27.0 darwin/arm64,cmd/compile/internal/ssa/func_test.go,approved,
GOROOT,go version go1.27.0 darwin/arm64,cmd/compile/internal/ssa/fuse_test.go,approved,
GOROOT,go version go1.27.0 darwin/arm64,cmd/compile/internal/ssa/generate_test.go,approved,
GOROOT,go version go1.27.0 darwin/arm64,cmd/compile/internal/ssa/known_bits_test.go,approved,
GOROOT,go version go1.27.0 darwin/arm64,cmd/compile/internal/ssa/lca_test.go,approved,
GOROOT,go version go1.27.0 darwin/arm64,cmd/compile/internal/ssa/licm_test.go,approved,
GOROOT,go version go1.27.0 darwin/arm64,cmd/compile/internal/ssa/looprotate_test.go,approved,
GOROOT,go version go1.27.0 darwin/arm64,cmd/compile/internal/ssa/magic_test.go,approved,
GOROOT,go version go1.27.0 darwin/arm64,cmd/compile/internal/ssa/merge_conditional_branches_test.go,approved,
GOROOT,go version go1.27.0 darwin/arm64,cmd/compile/internal/ssa/nilcheck_test.go,approved,
GOROOT,go version go1.27.0 darwin/arm64,cmd/compile/internal/ssa/passbm_test.go,approved,
GOROOT,go version go1.27.0 darwin/arm64,cmd/compile/internal/ssa/poset_test.go,approved,
GOROOT,go version go1.27.0 darwin/arm64,cmd/compile/internal/ssa/prove_test.go,approved,
GOROOT,go version go1.27.0 darwin/arm64,cmd/compile/internal/ssa/regalloc_test.go,approved,
GOROOT,go version go1.27.0 darwin/arm64,cmd/compile/internal/ssa/rewriteCond_test.go,rejected,test integrity violation: test TestCondRewrite has no reachable assertions
GOROOT,go version go1.27.0 darwin/arm64,cmd/compile/internal/ssa/rewrite_test.go,approved,
GOROOT,go version go1.27.0 darwin/arm64,cmd/compile/internal/ssa/sccp_test.go,approved,
GOROOT,go version go1.27.0 darwin/arm64,cmd/compile/internal/ssa/schedule_test.go,approved,
GOROOT,go version go1.27.0 darwin/arm64,cmd/compile/internal/ssa/shift_test.go,approved,
GOROOT,go version go1.27.0 darwin/arm64,cmd/compile/internal/ssa/shortcircuit_test.go,approved,
GOROOT,go version go1.27.0 darwin/arm64,cmd/compile/internal/ssa/sizeof_test.go,approved,
GOROOT,go version go1.27.0 darwin/arm64,cmd/compile/internal/ssa/stmtlines_test.go,approved,
GOROOT,go version go1.27.0 darwin/arm64,cmd/compile/internal/ssa/writebarrier_test.go,approved,
GOROOT,go version go1.27.0 darwin/arm64,cmd/compile/internal/ssa/zeroextension_test.go,approved,
GOROOT,go version go1.27.0 darwin/arm64,cmd/compile/internal/ssagen/intrinsics_test.go,approved,
GOROOT,go version go1.27.0 darwin/arm64,cmd/compile/internal/syntax/dumper_test.go,approved,
GOROOT,go version go1.27.0 darwin/arm64,cmd/compile/internal/syntax/error_test.go,approved,
GOROOT,go version go1.27.0 darwin/arm64,cmd/compile/internal/syntax/issues_test.go,approved,
GOROOT,go version go1.27.0 darwin/arm64,cmd/compile/internal/syntax/nodes_test.go,approved,
GOROOT,go version go1.27.0 darwin/arm64,cmd/compile/internal/syntax/parser_test.go,approved,
GOROOT,go version go1.27.0 darwin/arm64,cmd/compile/internal/syntax/printer_test.go,approved,
GOROOT,go version go1.27.0 darwin/arm64,cmd/compile/internal/syntax/scanner_test.go,approved,
GOROOT,go version go1.27.0 darwin/arm64,cmd/compile/internal/syntax/testing_test.go,approved,
GOROOT,go version go1.27.0 darwin/arm64,cmd/compile/internal/test/abiutils_test.go,approved,
GOROOT,go version go1.27.0 darwin/arm64,cmd/compile/internal/test/abiutilsaux_test.go,approved,
GOROOT,go version go1.27.0 darwin/arm64,cmd/compile/internal/test/align_test.go,approved,
GOROOT,go version go1.27.0 darwin/arm64,cmd/compile/internal/test/bench_test.go,approved,
GOROOT,go version go1.27.0 darwin/arm64,cmd/compile/internal/test/clobberdead_test.go,approved,
GOROOT,go version go1.27.0 darwin/arm64,cmd/compile/internal/test/conditionalCmpConst_test.go,approved,
GOROOT,go version go1.27.0 darwin/arm64,cmd/compile/internal/test/constFold_test.go,approved,
GOROOT,go version go1.27.0 darwin/arm64,cmd/compile/internal/test/dep_test.go,approved,
GOROOT,go version go1.27.0 darwin/arm64,cmd/compile/internal/test/divconst_test.go,approved,
GOROOT,go version go1.27.0 darwin/arm64,cmd/compile/internal/test/eq_test.go,approved,
GOROOT,go version go1.27.0 darwin/arm64,cmd/compile/internal/test/fixedbugs_test.go,approved,
GOROOT,go version go1.27.0 darwin/arm64,cmd/compile/internal/test/float_test.go,approved,
GOROOT,go version go1.27.0 darwin/arm64,cmd/compile/internal/test/free_test.go,approved,
GOROOT,go version go1.27.0 darwin/arm64,cmd/compile/internal/test/global_test.go,approved,
GOROOT,go version go1.27.0 darwin/arm64,cmd/compile/internal/test/iface_test.go,approved,
GOROOT,go version go1.27.0 darwin/arm64,cmd/compile/internal/test/inl_test.go,approved,
GOROOT,go version go1.27.0 darwin/arm64,cmd/compile/internal/test/inst_test.go,approved,
GOROOT,go version go1.27.0 darwin/arm64,cmd/compile/internal/test/intrinsics_test.go,approved,
GOROOT,go version go1.27.0 darwin/arm64,cmd/compile/internal/test/issue50182_test.go,rejected,test integrity violation: test TestGenericEscape has no reachable assertions
GOROOT,go version go1.27.0 darwin/arm64,cmd/compile/internal/test/issue53888_test.go,approved,
GOROOT,go version go1.27.0 darwin/arm64,cmd/compile/internal/test/issue57434_test.go,approved,
GOROOT,go version go1.27.0 darwin/arm64,cmd/compile/internal/test/issue62407_test.go,approved,
GOROOT,go version go1.27.0 darwin/arm64,cmd/compile/internal/test/issue71943_test.go,approved,
GOROOT,go version go1.27.0 darwin/arm64,cmd/compile/internal/test/lang_test.go,approved,
GOROOT,go version go1.27.0 darwin/arm64,cmd/compile/internal/test/locals_test.go,approved,
GOROOT,go version go1.27.0 darwin/arm64,cmd/compile/internal/test/logic_test.go,approved,
GOROOT,go version go1.27.0 darwin/arm64,cmd/compile/internal/test/math_test.go,approved,
GOROOT,go version go1.27.0 darwin/arm64,cmd/compile/internal/test/memcombine_test.go,approved,
GOROOT,go version go1.27.0 darwin/arm64,cmd/compile/internal/test/memoverlap_test.go,approved,
GOROOT,go version go1.27.0 darwin/arm64,cmd/compile/internal/test/mergelocals_test.go,approved,
GOROOT,go version go1.27.0 darwin/arm64,cmd/compile/internal/test/move_test.go,approved,
GOROOT,go version go1.27.0 darwin/arm64,cmd/compile/internal/test/moveload_test.go,approved,
GOROOT,go version go1.27.0 darwin/arm64,cmd/compile/internal/test/mulconst_test.go,approved,
GOROOT,go version go1.27.0 darwin/arm64,cmd/compile/internal/test/pgo_devirtualize_test.go,approved,
GOROOT,go version go1.27.0 darwin/arm64,cmd/compile/internal/test/pgo_inl_test.go,approved,
GOROOT,go version go1.27.0 darwin/arm64,cmd/compile/internal/test/reproduciblebuilds_test.go,approved,
GOROOT,go version go1.27.0 darwin/arm64,cmd/compile/internal/test/shift_test.go,approved,
GOROOT,go version go1.27.0 darwin/arm64,cmd/compile/internal/test/ssa_test.go,approved,
GOROOT,go version go1.27.0 darwin/arm64,cmd/compile/internal/test/stack_test.go,approved,
GOROOT,go version go1.27.0 darwin/arm64,cmd/compile/internal/test/switch_test.go,approved,
GOROOT,go version go1.27.0 darwin/arm64,cmd/compile/internal/test/truncconst_test.go,approved,
GOROOT,go version go1.27.0 darwin/arm64,cmd/compile/internal/test/value_test.go,approved,
GOROOT,go version go1.27.0 darwin/arm64,cmd/compile/internal/test/zerorange_test.go,rejected,test integrity violation: test TestZeroRange has no reachable assertions
GOROOT,go version go1.27.0 darwin/arm64,cmd/compile/internal/typecheck/builtin_test.go,approved,
GOROOT,go version go1.27.0 darwin/arm64,cmd/compile/internal/types/sizeof_test.go,approved,
GOROOT,go version go1.27.0 darwin/arm64,cmd/compile/internal/types/sym_test.go,approved,
GOROOT,go version go1.27.0 darwin/arm64,cmd/compile/internal/types/type_test.go,approved,
GOROOT,go version go1.27.0 darwin/arm64,cmd/compile/internal/types2/alias_test.go,approved,
GOROOT,go version go1.27.0 darwin/arm64,cmd/compile/internal/types2/api_test.go,approved,
GOROOT,go version go1.27.0 darwin/arm64,cmd/compile/internal/types2/builtins_test.go,approved,
GOROOT,go version go1.27.0 darwin/arm64,cmd/compile/internal/types2/check_test.go,approved,
GOROOT,go version go1.27.0 darwin/arm64,cmd/compile/internal/types2/context_test.go,approved,
GOROOT,go version go1.27.0 darwin/arm64,cmd/compile/internal/types2/errorcalls_test.go,approved,
GOROOT,go version go1.27.0 darwin/arm64,cmd/compile/internal/types2/errors_test.go,approved,
GOROOT,go version go1.27.0 darwin/arm64,cmd/compile/internal/types2/example_test.go,approved,
GOROOT,go version go1.27.0 darwin/arm64,cmd/compile/internal/types2/hilbert_test.go,approved,
GOROOT,go version go1.27.0 darwin/arm64,cmd/compile/internal/types2/importer_test.go,approved,
GOROOT,go version go1.27.0 darwin/arm64,cmd/compile/internal/types2/instantiate_test.go,approved,
GOROOT,go version go1.27.0 darwin/arm64,cmd/compile/internal/types2/issues_test.go,rejected,test integrity violation: test TestIssue61938 has no reachable assertions
GOROOT,go version go1.27.0 darwin/arm64,cmd/compile/internal/types2/lookup_test.go,approved,
GOROOT,go version go1.27.0 darwin/arm64,cmd/compile/internal/types2/main_test.go,approved,
GOROOT,go version go1.27.0 darwin/arm64,cmd/compile/internal/types2/mono_test.go,approved,
GOROOT,go version go1.27.0 darwin/arm64,cmd/compile/internal/types2/named_test.go,approved,
GOROOT,go version go1.27.0 darwin/arm64,cmd/compile/internal/types2/object_test.go,approved,
GOROOT,go version go1.27.0 darwin/arm64,cmd/compile/internal/types2/resolver_test.go,approved,
GOROOT,go version go1.27.0 darwin/arm64,cmd/compile/internal/types2/self_test.go,approved,
GOROOT,go version go1.27.0 darwin/arm64,cmd/compile/internal/types2/sizeof_test.go,approved,
GOROOT,go version go1.27.0 darwin/arm64,cmd/compile/internal/types2/sizes_test.go,approved,
GOROOT,go version go1.27.0 darwin/arm64,cmd/compile/internal/types2/stdlib_test.go,approved,
GOROOT,go version go1.27.0 darwin/arm64,cmd/compile/internal/types2/termlist_test.go,approved,
GOROOT,go version go1.27.0 darwin/arm64,cmd/compile/internal/types2/trie_test.go,approved,
GOROOT,go version go1.27.0 darwin/arm64,cmd/compile/internal/types2/typeset_test.go,approved,
GOROOT,go version go1.27.0 darwin/arm64,cmd/compile/internal/types2/typestring_test.go,approved,
GOROOT,go version go1.27.0 darwin/arm64,cmd/compile/internal/types2/typeterm_test.go,approved,
GOROOT,go version go1.27.0 darwin/arm64,cmd/compile/internal/types2/util_test.go,approved,
GOROOT,go version go1.27.0 darwin/arm64,cmd/compile/script_test.go,unreviewed,UNREVIEWED: review escalation required for //go:generate directive; fail-closed for human review
GOROOT,go version go1.27.0 darwin/arm64,cmd/covdata/export_test.go,approved,
GOROOT,go version go1.27.0 darwin/arm64,cmd/covdata/tool_test.go,approved,
GOROOT,go version go1.27.0 darwin/arm64,cmd/cover/cfg_test.go,approved,
GOROOT,go version go1.27.0 darwin/arm64,cmd/cover/cover_test.go,approved,
GOROOT,go version go1.27.0 darwin/arm64,cmd/cover/export_test.go,approved,
GOROOT,go version go1.27.0 darwin/arm64,cmd/cover/pkgname_test.go,approved,
GOROOT,go version go1.27.0 darwin/arm64,cmd/dist/build_test.go,approved,
GOROOT,go version go1.27.0 darwin/arm64,cmd/dist/supported_test.go,approved,
GOROOT,go version go1.27.0 darwin/arm64,cmd/dist/testjson_test.go,approved,
GOROOT,go version go1.27.0 darwin/arm64,cmd/distpack/archive_test.go,approved,
GOROOT,go version go1.27.0 darwin/arm64,cmd/go/chdir_test.go,rejected,test integrity violation: errgroup.Go without Wait() uncoordinated execution detected in test TestChdir
GOROOT,go version go1.27.0 darwin/arm64,cmd/go/export_test.go,approved,
GOROOT,go version go1.27.0 darwin/arm64,cmd/go/go_boring_test.go,approved,
GOROOT,go version go1.27.0 darwin/arm64,cmd/go/go_test.go,rejected,test integrity violation: gutted empty test body detected: func TestFoo(t *testing.T) {}
GOROOT,go version go1.27.0 darwin/arm64,cmd/go/go_windows_test.go,approved,
GOROOT,go version go1.27.0 darwin/arm64,cmd/go/help_test.go,approved,
GOROOT,go version go1.27.0 darwin/arm64,cmd/go/init_test.go,approved,
GOROOT,go version go1.27.0 darwin/arm64,cmd/go/internal/auth/auth_test.go,approved,
GOROOT,go version go1.27.0 darwin/arm64,cmd/go/internal/auth/gitauth_test.go,approved,
GOROOT,go version go1.27.0 darwin/arm64,cmd/go/internal/auth/netrc_test.go,approved,
GOROOT,go version go1.27.0 darwin/arm64,cmd/go/internal/auth/userauth_test.go,approved,
GOROOT,go version go1.27.0 darwin/arm64,cmd/go/internal/cache/cache_test.go,approved,
GOROOT,go version go1.27.0 darwin/arm64,cmd/go/internal/cache/hash_test.go,approved,
GOROOT,go version go1.27.0 darwin/arm64,cmd/go/internal/cfg/bench_test.go,approved,
GOROOT,go version go1.27.0 darwin/arm64,cmd/go/internal/doc/doc_test.go,approved,
GOROOT,go version go1.27.0 darwin/arm64,cmd/go/internal/envcmd/env_test.go,approved,
GOROOT,go version go1.27.0 darwin/arm64,cmd/go/internal/fips140/fips_test.go,approved,
GOROOT,go version go1.27.0 darwin/arm64,cmd/go/internal/fsys/fsys_test.go,approved,
GOROOT,go version go1.27.0 darwin/arm64,cmd/go/internal/generate/generate_test.go,unreviewed,UNREVIEWED: review escalation required for //go:generate directive; fail-closed for human review
GOROOT,go version go1.27.0 darwin/arm64,cmd/go/internal/gover/gover_test.go,approved,
GOROOT,go version go1.27.0 darwin/arm64,cmd/go/internal/gover/mod_test.go,approved,
GOROOT,go version go1.27.0 darwin/arm64,cmd/go/internal/gover/toolchain_test.go,approved,
GOROOT,go version go1.27.0 darwin/arm64,cmd/go/internal/imports/read_test.go,approved,
GOROOT,go version go1.27.0 darwin/arm64,cmd/go/internal/imports/scan_test.go,approved,
GOROOT,go version go1.27.0 darwin/arm64,cmd/go/internal/load/flag_test.go,approved,
GOROOT,go version go1.27.0 darwin/arm64,cmd/go/internal/load/pkg_test.go,approved,
GOROOT,go version go1.27.0 darwin/arm64,cmd/go/internal/lockedfile/internal/filelock/filelock_test.go,approved,
GOROOT,go version go1.27.0 darwin/arm64,cmd/go/internal/lockedfile/lockedfile_test.go,approved,
GOROOT,go version go1.27.0 darwin/arm64,cmd/go/internal/lockedfile/transform_test.go,approved,
GOROOT,go version go1.27.0 darwin/arm64,cmd/go/internal/mmap/mmap_test.go,approved,
GOROOT,go version go1.27.0 darwin/arm64,cmd/go/internal/modfetch/cache_readonly_test.go,approved,
GOROOT,go version go1.27.0 darwin/arm64,cmd/go/internal/modfetch/cache_test.go,approved,
GOROOT,go version go1.27.0 darwin/arm64,cmd/go/internal/modfetch/codehost/git_test.go,approved,
GOROOT,go version go1.27.0 darwin/arm64,cmd/go/internal/modfetch/coderepo_test.go,approved,
GOROOT,go version go1.27.0 darwin/arm64,cmd/go/internal/modfetch/zip_sum_test/zip_sum_test.go,approved,
GOROOT,go version go1.27.0 darwin/arm64,cmd/go/internal/modindex/index_test.go,approved,
GOROOT,go version go1.27.0 darwin/arm64,cmd/go/internal/modindex/syslist_test.go,approved,
GOROOT,go version go1.27.0 darwin/arm64,cmd/go/internal/modload/import_test.go,approved,
GOROOT,go version go1.27.0 darwin/arm64,cmd/go/internal/modload/mvs_test.go,approved,
GOROOT,go version go1.27.0 darwin/arm64,cmd/go/internal/modload/query_test.go,approved,
GOROOT,go version go1.27.0 darwin/arm64,cmd/go/internal/mvs/mvs_test.go,approved,
GOROOT,go version go1.27.0 darwin/arm64,cmd/go/internal/str/str_test.go,approved,
GOROOT,go version go1.27.0 darwin/arm64,cmd/go/internal/test/flagdefs_test.go,approved,
GOROOT,go version go1.27.0 darwin/arm64,cmd/go/internal/toolchain/toolchain_test.go,approved,
GOROOT,go version go1.27.0 darwin/arm64,cmd/go/internal/vcs/discovery_test.go,approved,
GOROOT,go version go1.27.0 darwin/arm64,cmd/go/internal/vcs/vcs_test.go,approved,
GOROOT,go version go1.27.0 darwin/arm64,cmd/go/internal/vcweb/vcstest/vcstest_test.go,approved,
GOROOT,go version go1.27.0 darwin/arm64,cmd/go/internal/vcweb/vcweb_test.go,approved,
GOROOT,go version go1.27.0 darwin/arm64,cmd/go/internal/verylongtest/go_test.go,approved,
GOROOT,go version go1.27.0 darwin/arm64,cmd/go/internal/verylongtest/go_unix_test.go,approved,
GOROOT,go version go1.27.0 darwin/arm64,cmd/go/internal/verylongtest/script_test.go,approved,
GOROOT,go version go1.27.0 darwin/arm64,cmd/go/internal/web/file_test.go,approved,
GOROOT,go version go1.27.0 darwin/arm64,cmd/go/internal/web/http_test.go,approved,
GOROOT,go version go1.27.0 darwin/arm64,cmd/go/internal/web/url_other_test.go,approved,
GOROOT,go version go1.27.0 darwin/arm64,cmd/go/internal/web/url_test.go,approved,
GOROOT,go version go1.27.0 darwin/arm64,cmd/go/internal/web/url_windows_test.go,approved,
GOROOT,go version go1.27.0 darwin/arm64,cmd/go/internal/work/build_test.go,approved,
GOROOT,go version go1.27.0 darwin/arm64,cmd/go/internal/work/exec_test.go,approved,
GOROOT,go version go1.27.0 darwin/arm64,cmd/go/internal/work/security_test.go,approved,
GOROOT,go version go1.27.0 darwin/arm64,cmd/go/internal/work/shell_test.go,approved,
GOROOT,go version go1.27.0 darwin/arm64,cmd/go/note_test.go,approved,
GOROOT,go version go1.27.0 darwin/arm64,cmd/go/proxy_test.go,approved,
GOROOT,go version go1.27.0 darwin/arm64,cmd/go/script_test.go,unreviewed,UNREVIEWED: review escalation required for //go:generate directive; fail-closed for human review
GOROOT,go version go1.27.0 darwin/arm64,cmd/go/scriptcmds_test.go,approved,
GOROOT,go version go1.27.0 darwin/arm64,cmd/go/scriptconds_test.go,approved,
GOROOT,go version go1.27.0 darwin/arm64,cmd/go/scriptreadme_test.go,approved,
GOROOT,go version go1.27.0 darwin/arm64,cmd/go/stop_other_test.go,approved,
GOROOT,go version go1.27.0 darwin/arm64,cmd/go/stop_unix_test.go,approved,
GOROOT,go version go1.27.0 darwin/arm64,cmd/go/terminal_test.go,approved,
GOROOT,go version go1.27.0 darwin/arm64,cmd/gofmt/gofmt_test.go,approved,
GOROOT,go version go1.27.0 darwin/arm64,cmd/gofmt/gofmt_unix_test.go,approved,
GOROOT,go version go1.27.0 darwin/arm64,cmd/gofmt/long_test.go,approved,
GOROOT,go version go1.27.0 darwin/arm64,cmd/internal/archive/archive_test.go,approved,
GOROOT,go version go1.27.0 darwin/arm64,cmd/internal/bootstrap_test/experiment_toolid_test.go,approved,
GOROOT,go version go1.27.0 darwin/arm64,cmd/internal/bootstrap_test/overlaydir_test.go,approved,
GOROOT,go version go1.27.0 darwin/arm64,cmd/internal/bootstrap_test/reboot_test.go,approved,
GOROOT,go version go1.27.0 darwin/arm64,cmd/internal/buildid/buildid_test.go,approved,
GOROOT,go version go1.27.0 darwin/arm64,cmd/internal/cov/read_test.go,approved,
GOROOT,go version go1.27.0 darwin/arm64,cmd/internal/dwarf/dwarf_test.go,approved,
GOROOT,go version go1.27.0 darwin/arm64,cmd/internal/dwarf/putvarabbrevgen_test.go,approved,
GOROOT,go version go1.27.0 darwin/arm64,cmd/internal/edit/edit_test.go,approved,
GOROOT,go version go1.27.0 darwin/arm64,cmd/internal/fuzztest/script_test.go,unreviewed,UNREVIEWED: review escalation required for //go:generate directive; fail-closed for human review
GOROOT,go version go1.27.0 darwin/arm64,cmd/internal/goobj/objfile_test.go,approved,
GOROOT,go version go1.27.0 darwin/arm64,cmd/internal/moddeps/moddeps_test.go,unreviewed,UNREVIEWED: review escalation required for //go:generate directive; fail-closed for human review
GOROOT,go version go1.27.0 darwin/arm64,cmd/internal/obj/arm64/asm_arm64_test.go,approved,
GOROOT,go version go1.27.0 darwin/arm64,cmd/internal/obj/arm64/asm_test.go,approved,
GOROOT,go version go1.27.0 darwin/arm64,cmd/internal/obj/arm64/inst_test.go,approved,
GOROOT,go version go1.27.0 darwin/arm64,cmd/internal/obj/line_test.go,approved,
GOROOT,go version go1.27.0 darwin/arm64,cmd/internal/obj/loong64/asm_test.go,approved,
GOROOT,go version go1.27.0 darwin/arm64,cmd/internal/obj/objfile_test.go,approved,
GOROOT,go version go1.27.0 darwin/arm64,cmd/internal/obj/ppc64/asm_test.go,approved,
GOROOT,go version go1.27.0 darwin/arm64,cmd/internal/obj/riscv/asm_test.go,approved,
GOROOT,go version go1.27.0 darwin/arm64,cmd/internal/obj/riscv/obj_test.go,approved,
GOROOT,go version go1.27.0 darwin/arm64,cmd/internal/obj/s390x/rotate_test.go,approved,
GOROOT,go version go1.27.0 darwin/arm64,cmd/internal/obj/sizeof_test.go,approved,
GOROOT,go version go1.27.0 darwin/arm64,cmd/internal/obj/x86/asm_test.go,approved,
GOROOT,go version go1.27.0 darwin/arm64,cmd/internal/obj/x86/obj6_test.go,approved,
GOROOT,go version go1.27.0 darwin/arm64,cmd/internal/obj/x86/pcrelative_test.go,approved,
GOROOT,go version go1.27.0 darwin/arm64,cmd/internal/objabi/flag_test.go,approved,
GOROOT,go version go1.27.0 darwin/arm64,cmd/internal/objabi/line_test.go,approved,
GOROOT,go version go1.27.0 darwin/arm64,cmd/internal/objabi/path_test.go,rejected,test integrity violation: test TestRuntimePackageList has no reachable assertions
GOROOT,go version go1.27.0 darwin/arm64,cmd/internal/osinfo/version_unix_test.go,approved,
GOROOT,go version go1.27.0 darwin/arm64,cmd/internal/par/queue_test.go,approved,
GOROOT,go version go1.27.0 darwin/arm64,cmd/internal/par/work_test.go,approved,
GOROOT,go version go1.27.0 darwin/arm64,cmd/internal/pgo/serialize_test.go,approved,
GOROOT,go version go1.27.0 darwin/arm64,cmd/internal/pkgpath/pkgpath_test.go,approved,
GOROOT,go version go1.27.0 darwin/arm64,cmd/internal/pkgpattern/pat_test.go,approved,
GOROOT,go version go1.27.0 darwin/arm64,cmd/internal/quoted/quoted_test.go,approved,
GOROOT,go version go1.27.0 darwin/arm64,cmd/internal/script/engine_test.go,approved,
GOROOT,go version go1.27.0 darwin/arm64,cmd/internal/src/pos_test.go,approved,
GOROOT,go version go1.27.0 darwin/arm64,cmd/internal/src/xpos_test.go,approved,
GOROOT,go version go1.27.0 darwin/arm64,cmd/internal/sys/arch_test.go,approved,
GOROOT,go version go1.27.0 darwin/arm64,cmd/internal/test2json/test2json_test.go,approved,
GOROOT,go version go1.27.0 darwin/arm64,cmd/internal/testdir/testdir_test.go,approved,
GOROOT,go version go1.27.0 darwin/arm64,cmd/link/cgo_test.go,approved,
GOROOT,go version go1.27.0 darwin/arm64,cmd/link/dwarf_test.go,approved,
GOROOT,go version go1.27.0 darwin/arm64,cmd/link/elf_test.go,approved,
GOROOT,go version go1.27.0 darwin/arm64,cmd/link/internal/benchmark/bench_test.go,approved,
GOROOT,go version go1.27.0 darwin/arm64,cmd/link/internal/ld/data_test.go,approved,
GOROOT,go version go1.27.0 darwin/arm64,cmd/link/internal/ld/deadcode_test.go,approved,
GOROOT,go version go1.27.0 darwin/arm64,cmd/link/internal/ld/dwarf_test.go,approved,
GOROOT,go version go1.27.0 darwin/arm64,cmd/link/internal/ld/elf_test.go,approved,
GOROOT,go version go1.27.0 darwin/arm64,cmd/link/internal/ld/fallocate_test.go,approved,
GOROOT,go version go1.27.0 darwin/arm64,cmd/link/internal/ld/go_test.go,approved,
GOROOT,go version go1.27.0 darwin/arm64,cmd/link/internal/ld/heap_test.go,approved,
GOROOT,go version go1.27.0 darwin/arm64,cmd/link/internal/ld/issue33808_test.go,rejected,"test integrity violation: environment/OS/arch-gated early return detected (runtime.GOOS != ""darwin"")"
GOROOT,go version go1.27.0 darwin/arm64,cmd/link/internal/ld/ld_test.go,approved,
GOROOT,go version go1.27.0 darwin/arm64,cmd/link/internal/ld/macho_test.go,approved,
GOROOT,go version go1.27.0 darwin/arm64,cmd/link/internal/ld/nooptcgolink_test.go,approved,
GOROOT,go version go1.27.0 darwin/arm64,cmd/link/internal/ld/outbuf_test.go,approved,
GOROOT,go version go1.27.0 darwin/arm64,cmd/link/internal/ld/stackcheck_test.go,approved,
GOROOT,go version go1.27.0 darwin/arm64,cmd/link/internal/loader/loader_test.go,approved,
GOROOT,go version go1.27.0 darwin/arm64,cmd/link/link_test.go,rejected,test integrity violation: test TestLargeSymName has no reachable assertions
GOROOT,go version go1.27.0 darwin/arm64,cmd/link/linkbig_test.go,approved,
GOROOT,go version go1.27.0 darwin/arm64,cmd/link/script_test.go,unreviewed,UNREVIEWED: review escalation required for //go:generate directive; fail-closed for human review
GOROOT,go version go1.27.0 darwin/arm64,cmd/nm/nm_cgo_test.go,approved,
GOROOT,go version go1.27.0 darwin/arm64,cmd/nm/nm_test.go,rejected,test integrity violation: gutted empty test body detected: func Testfunc() {}
GOROOT,go version go1.27.0 darwin/arm64,cmd/nm/script_test.go,unreviewed,UNREVIEWED: review escalation required for //go:generate directive; fail-closed for human review
GOROOT,go version go1.27.0 darwin/arm64,cmd/objdump/objdump_test.go,approved,
GOROOT,go version go1.27.0 darwin/arm64,cmd/pack/pack_test.go,approved,
GOROOT,go version go1.27.0 darwin/arm64,cmd/pprof/pprof_test.go,approved,
GOROOT,go version go1.27.0 darwin/arm64,cmd/relnote/relnote_test.go,approved,
GOROOT,go version go1.27.0 darwin/arm64,cmd/trace/jsontrace_test.go,approved,
GOROOT,go version go1.27.0 darwin/arm64,cmd/trace/main_test.go,approved,
GOROOT,go version go1.27.0 darwin/arm64,cmd/trace/pprof_test.go,approved,
GOROOT,go version go1.27.0 darwin/arm64,cmd/vet/vet_test.go,approved,
GOROOT,go version go1.27.0 darwin/arm64,cmp/cmp_test.go,approved,
GOROOT,go version go1.27.0 darwin/arm64,compress/bzip2/bzip2_test.go,approved,
GOROOT,go version go1.27.0 darwin/arm64,compress/flate/deflate_test.go,approved,
GOROOT,go version go1.27.0 darwin/arm64,compress/flate/dict_decoder_test.go,approved,
GOROOT,go version go1.27.0 darwin/arm64,compress/flate/example_test.go,approved,
GOROOT,go version go1.27.0 darwin/arm64,compress/flate/flate_test.go,approved,
GOROOT,go version go1.27.0 darwin/arm64,compress/flate/fuzz_test.go,approved,
GOROOT,go version go1.27.0 darwin/arm64,compress/flate/huffman_bit_writer_test.go,approved,
GOROOT,go version go1.27.0 darwin/arm64,compress/flate/inflate_test.go,approved,
GOROOT,go version go1.27.0 darwin/arm64,compress/flate/reader_test.go,approved,
GOROOT,go version go1.27.0 darwin/arm64,compress/flate/writer_test.go,approved,
GOROOT,go version go1.27.0 darwin/arm64,compress/gzip/example_test.go,approved,
GOROOT,go version go1.27.0 darwin/arm64,compress/gzip/fuzz_test.go,approved,
GOROOT,go version go1.27.0 darwin/arm64,compress/gzip/gunzip_test.go,approved,
GOROOT,go version go1.27.0 darwin/arm64,compress/gzip/gzip_test.go,approved,
GOROOT,go version go1.27.0 darwin/arm64,compress/gzip/issue14937_test.go,approved,
GOROOT,go version go1.27.0 darwin/arm64,compress/lzw/reader_test.go,approved,
GOROOT,go version go1.27.0 darwin/arm64,compress/lzw/writer_test.go,approved,
GOROOT,go version go1.27.0 darwin/arm64,compress/zlib/example_test.go,approved,
GOROOT,go version go1.27.0 darwin/arm64,compress/zlib/reader_test.go,approved,
GOROOT,go version go1.27.0 darwin/arm64,compress/zlib/writer_test.go,approved,
GOROOT,go version go1.27.0 darwin/arm64,container/heap/example_intheap_test.go,approved,
GOROOT,go version go1.27.0 darwin/arm64,container/heap/example_pq_test.go,approved,
GOROOT,go version go1.27.0 darwin/arm64,container/heap/heap_test.go,approved,
GOROOT,go version go1.27.0 darwin/arm64,container/list/example_test.go,approved,
GOROOT,go version go1.27.0 darwin/arm64,container/list/list_test.go,approved,
GOROOT,go version go1.27.0 darwin/arm64,container/ring/example_test.go,approved,
GOROOT,go version go1.27.0 darwin/arm64,container/ring/ring_test.go,approved,
GOROOT,go version go1.27.0 darwin/arm64,context/afterfunc_test.go,approved,
GOROOT,go version go1.27.0 darwin/arm64,context/benchmark_test.go,approved,
GOROOT,go version go1.27.0 darwin/arm64,context/context_test.go,approved,
GOROOT,go version go1.27.0 darwin/arm64,context/example_test.go,approved,
GOROOT,go version go1.27.0 darwin/arm64,context/net_test.go,approved,
GOROOT,go version go1.27.0 darwin/arm64,context/x_test.go,approved,
GOROOT,go version go1.27.0 darwin/arm64,crypto/aes/aes_test.go,approved,
GOROOT,go version go1.27.0 darwin/arm64,crypto/boring/boring_test.go,approved,
GOROOT,go version go1.27.0 darwin/arm64,crypto/boring/notboring_test.go,approved,
GOROOT,go version go1.27.0 darwin/arm64,crypto/cipher/benchmark_test.go,approved,
GOROOT,go version go1.27.0 darwin/arm64,crypto/cipher/cbc_aes_test.go,approved,
GOROOT,go version go1.27.0 darwin/arm64,crypto/cipher/cbc_aes_wycheproof_test.go,approved,
GOROOT,go version go1.27.0 darwin/arm64,crypto/cipher/cbc_test.go,approved,
GOROOT,go version go1.27.0 darwin/arm64,crypto/cipher/cfb_test.go,approved,
GOROOT,go version go1.27.0 darwin/arm64,crypto/cipher/common_test.go,approved,
GOROOT,go version go1.27.0 darwin/arm64,crypto/cipher/ctr_aes_test.go,approved,
GOROOT,go version go1.27.0 darwin/arm64,crypto/cipher/ctr_test.go,approved,
GOROOT,go version go1.27.0 darwin/arm64,crypto/cipher/example_test.go,approved,
GOROOT,go version go1.27.0 darwin/arm64,crypto/cipher/fuzz_test.go,approved,
GOROOT,go version go1.27.0 darwin/arm64,crypto/cipher/gcm_fips140v1.26_test.go,approved,
GOROOT,go version go1.27.0 darwin/arm64,crypto/cipher/gcm_test.go,approved,
GOROOT,go version go1.27.0 darwin/arm64,crypto/cipher/gcm_wycheproof_test.go,approved,
GOROOT,go version go1.27.0 darwin/arm64,crypto/cipher/modes_test.go,approved,
GOROOT,go version go1.27.0 darwin/arm64,crypto/cipher/ofb_test.go,approved,
GOROOT,go version go1.27.0 darwin/arm64,crypto/crypto_test.go,approved,
GOROOT,go version go1.27.0 darwin/arm64,crypto/des/des_test.go,approved,
GOROOT,go version go1.27.0 darwin/arm64,crypto/des/example_test.go,approved,
GOROOT,go version go1.27.0 darwin/arm64,crypto/des/internal_test.go,approved,
GOROOT,go version go1.27.0 darwin/arm64,crypto/dsa/dsa_test.go,approved,
GOROOT,go version go1.27.0 darwin/arm64,crypto/dsa/dsa_wycheproof_test.go,approved,
GOROOT,go version go1.27.0 darwin/arm64,crypto/ecdh/ecdh_test.go,approved,
GOROOT,go version go1.27.0 darwin/arm64,crypto/ecdh/ecdh_wycheproof_test.go,approved,
GOROOT,go version go1.27.0 darwin/arm64,crypto/ecdsa/ecdsa_test.go,approved,
GOROOT,go version go1.27.0 darwin/arm64,crypto/ecdsa/ecdsa_wycheproof_test.go,approved,
GOROOT,go version go1.27.0 darwin/arm64,crypto/ecdsa/equal_test.go,approved,
GOROOT,go version go1.27.0 darwin/arm64,crypto/ecdsa/example_test.go,approved,
GOROOT,go version go1.27.0 darwin/arm64,crypto/ed25519/ed25519_test.go,approved,
GOROOT,go version go1.27.0 darwin/arm64,crypto/ed25519/ed25519_wycheproof_test.go,approved,
GOROOT,go version go1.27.0 darwin/arm64,crypto/ed25519/ed25519vectors_test.go,approved,
GOROOT,go version go1.27.0 darwin/arm64,crypto/elliptic/elliptic_test.go,approved,
GOROOT,go version go1.27.0 darwin/arm64,crypto/elliptic/p224_test.go,approved,
GOROOT,go version go1.27.0 darwin/arm64,crypto/elliptic/p256_test.go,approved,
GOROOT,go version go1.27.0 darwin/arm64,crypto/fips140/enforcement_test.go,approved,
GOROOT,go version go1.27.0 darwin/arm64,crypto/fips140/fips140_test.go,approved,
GOROOT,go version go1.27.0 darwin/arm64,crypto/hkdf/example_test.go,approved,
GOROOT,go version go1.27.0 darwin/arm64,crypto/hkdf/hkdf_test.go,approved,
GOROOT,go version go1.27.0 darwin/arm64,crypto/hkdf/hkdf_wycheproof_test.go,approved,
GOROOT,go version go1.27.0 darwin/arm64,crypto/hmac/hmac_test.go,approved,
GOROOT,go version go1.27.0 darwin/arm64,crypto/hmac/hmac_wycheproof_test.go,approved,
GOROOT,go version go1.27.0 darwin/arm64,crypto/hpke/hpke_test.go,approved,
GOROOT,go version go1.27.0 darwin/arm64,crypto/internal/boring/bcache/cache_test.go,approved,
GOROOT,go version go1.27.0 darwin/arm64,crypto/internal/boring/boring_test.go,rejected,test integrity violation: gutted empty test body detected: func TestInit(t *testing.T) {}
GOROOT,go version go1.27.0 darwin/arm64,crypto/internal/cryptotest/chacha20poly1305_wycheproof_test.go,approved,
GOROOT,go version go1.27.0 darwin/arm64,crypto/internal/fips140/aes/aes_test.go,approved,
GOROOT,go version go1.27.0 darwin/arm64,crypto/internal/fips140/aes/gcm/interface_test.go,approved,
GOROOT,go version go1.27.0 darwin/arm64,crypto/internal/fips140/aes/interface_test.go,approved,
GOROOT,go version go1.27.0 darwin/arm64,crypto/internal/fips140/bigmod/nat_test.go,approved,
GOROOT,go version go1.27.0 darwin/arm64,crypto/internal/fips140/compile_test.go,approved,
GOROOT,go version go1.27.0 darwin/arm64,crypto/internal/fips140/drbg/rand_test.go,approved,
GOROOT,go version go1.27.0 darwin/arm64,crypto/internal/fips140/ecdh/order_test.go,approved,
GOROOT,go version go1.27.0 darwin/arm64,crypto/internal/fips140/ecdsa/ecdsa_test.go,approved,
GOROOT,go version go1.27.0 darwin/arm64,crypto/internal/fips140/edwards25519/edwards25519_test.go,approved,
GOROOT,go version go1.27.0 darwin/arm64,crypto/internal/fips140/edwards25519/field/fe_alias_test.go,approved,
GOROOT,go version go1.27.0 darwin/arm64,crypto/internal/fips140/edwards25519/field/fe_bench_test.go,approved,
GOROOT,go version go1.27.0 darwin/arm64,crypto/internal/fips140/edwards25519/field/fe_test.go,rejected,test integrity violation: test TestSetBytesRoundTripEdgeCases has no reachable assertions
GOROOT,go version go1.27.0 darwin/arm64,crypto/internal/fips140/edwards25519/scalar_alias_test.go,approved,
GOROOT,go version go1.27.0 darwin/arm64,crypto/internal/fips140/edwards25519/scalar_test.go,approved,
GOROOT,go version go1.27.0 darwin/arm64,crypto/internal/fips140/edwards25519/scalarmult_test.go,approved,
GOROOT,go version go1.27.0 darwin/arm64,crypto/internal/fips140/edwards25519/tables_test.go,approved,
GOROOT,go version go1.27.0 darwin/arm64,crypto/internal/fips140/export_test.go,approved,
GOROOT,go version go1.27.0 darwin/arm64,crypto/internal/fips140/mldsa/field_test.go,approved,
GOROOT,go version go1.27.0 darwin/arm64,crypto/internal/fips140/mldsa/mldsa_test.go,approved,
GOROOT,go version go1.27.0 darwin/arm64,crypto/internal/fips140/mlkem/field_test.go,approved,
GOROOT,go version go1.27.0 darwin/arm64,crypto/internal/fips140/nistec/benchmark_test.go,approved,
GOROOT,go version go1.27.0 darwin/arm64,crypto/internal/fips140/nistec/fiat/benchmark_test.go,approved,
GOROOT,go version go1.27.0 darwin/arm64,crypto/internal/fips140/nistec/p256_asm_test.go,approved,
GOROOT,go version go1.27.0 darwin/arm64,crypto/internal/fips140/nistec/p256_table_test.go,approved,
GOROOT,go version go1.27.0 darwin/arm64,crypto/internal/fips140/rsa/keygen_test.go,approved,
GOROOT,go version go1.27.0 darwin/arm64,crypto/internal/fips140/rsa/pkcs1v15_test.go,approved,
GOROOT,go version go1.27.0 darwin/arm64,crypto/internal/fips140/rsa/pkcs1v22_test.go,approved,
GOROOT,go version go1.27.0 darwin/arm64,crypto/internal/fips140/subtle/constant_time_test.go,approved,
GOROOT,go version go1.27.0 darwin/arm64,crypto/internal/fips140cache/cache_test.go,approved,
GOROOT,go version go1.27.0 darwin/arm64,crypto/internal/fips140deps/fipsdeps_test.go,approved,
GOROOT,go version go1.27.0 darwin/arm64,crypto/internal/fips140only/fips140only_test.go,approved,
GOROOT,go version go1.27.0 darwin/arm64,crypto/internal/fips140test/acvp_fips140v1.0_test.go,approved,
GOROOT,go version go1.27.0 darwin/arm64,crypto/internal/fips140test/acvp_fips140v1.26_test.go,approved,
GOROOT,go version go1.27.0 darwin/arm64,crypto/internal/fips140test/acvp_fips140v1.28_test.go,approved,
GOROOT,go version go1.27.0 darwin/arm64,crypto/internal/fips140test/acvp_mldsa_test.go,rejected,AST Taboo Violation: forbidden secret read reaching sink in non-test code
GOROOT,go version go1.27.0 darwin/arm64,crypto/internal/fips140test/acvp_test.go,approved,
GOROOT,go version go1.27.0 darwin/arm64,crypto/internal/fips140test/alias_test.go,approved,
GOROOT,go version go1.27.0 darwin/arm64,crypto/internal/fips140test/cast_test.go,approved,
GOROOT,go version go1.27.0 darwin/arm64,crypto/internal/fips140test/check_test.go,approved,
GOROOT,go version go1.27.0 darwin/arm64,crypto/internal/fips140test/cmac_test.go,approved,
GOROOT,go version go1.27.0 darwin/arm64,crypto/internal/fips140test/cmac_wycheproof_test.go,approved,
GOROOT,go version go1.27.0 darwin/arm64,crypto/internal/fips140test/ctrdrbg_test.go,approved,
GOROOT,go version go1.27.0 darwin/arm64,crypto/internal/fips140test/edwards25519_test.go,approved,
GOROOT,go version go1.27.0 darwin/arm64,crypto/internal/fips140test/entropy_test.go,rejected,test integrity violation: test TestEntropyRace has assertions only inside unjoined goroutine
GOROOT,go version go1.27.0 darwin/arm64,crypto/internal/fips140test/fips140v1.0_test.go,approved,
GOROOT,go version go1.27.0 darwin/arm64,crypto/internal/fips140test/fips140v1.26_test.go,approved,
GOROOT,go version go1.27.0 darwin/arm64,crypto/internal/fips140test/fips_test.go,approved,
GOROOT,go version go1.27.0 darwin/arm64,crypto/internal/fips140test/indicator_test.go,approved,
GOROOT,go version go1.27.0 darwin/arm64,crypto/internal/fips140test/nistec_ordinv_fips140v1.0_test.go,approved,
GOROOT,go version go1.27.0 darwin/arm64,crypto/internal/fips140test/nistec_ordinv_fips140v1.28_test.go,approved,
GOROOT,go version go1.27.0 darwin/arm64,crypto/internal/fips140test/nistec_ordinv_test.go,approved,
GOROOT,go version go1.27.0 darwin/arm64,crypto/internal/fips140test/nistec_test.go,approved,
GOROOT,go version go1.27.0 darwin/arm64,crypto/internal/fips140test/sshkdf_test.go,approved,
GOROOT,go version go1.27.0 darwin/arm64,crypto/internal/fips140test/xaes_test.go,approved,
GOROOT,go version go1.27.0 darwin/arm64,crypto/internal/sysrand/rand_linux_test.go,approved,
GOROOT,go version go1.27.0 darwin/arm64,crypto/internal/sysrand/rand_test.go,approved,
GOROOT,go version go1.27.0 darwin/arm64,crypto/issue21104_test.go,approved,
GOROOT,go version go1.27.0 darwin/arm64,crypto/md5/example_test.go,approved,
GOROOT,go version go1.27.0 darwin/arm64,crypto/md5/md5_test.go,approved,
GOROOT,go version go1.27.0 darwin/arm64,crypto/mldsa/example_test.go,approved,
GOROOT,go version go1.27.0 darwin/arm64,crypto/mldsa/mldsa_fips140v1.0_test.go,approved,
GOROOT,go version go1.27.0 darwin/arm64,crypto/mldsa/mldsa_test.go,approved,
GOROOT,go version go1.27.0 darwin/arm64,crypto/mldsa/mldsa_wycheproof_test.go,approved,
GOROOT,go version go1.27.0 darwin/arm64,crypto/mlkem/example_test.go,approved,
GOROOT,go version go1.27.0 darwin/arm64,crypto/mlkem/mlkem_test.go,approved,
GOROOT,go version go1.27.0 darwin/arm64,crypto/mlkem/mlkem_wycheproof_test.go,approved,
GOROOT,go version go1.27.0 darwin/arm64,crypto/pbkdf2/pbkdf2_test.go,approved,
GOROOT,go version go1.27.0 darwin/arm64,crypto/pbkdf2/pbkdf2_wycheproof_test.go,approved,
GOROOT,go version go1.27.0 darwin/arm64,crypto/purego_test.go,approved,
GOROOT,go version go1.27.0 darwin/arm64,crypto/rand/example_test.go,approved,
GOROOT,go version go1.27.0 darwin/arm64,crypto/rand/rand_test.go,approved,
GOROOT,go version go1.27.0 darwin/arm64,crypto/rand/text_test.go,approved,
GOROOT,go version go1.27.0 darwin/arm64,crypto/rand/util_test.go,approved,
GOROOT,go version go1.27.0 darwin/arm64,crypto/rc4/rc4_test.go,approved,
GOROOT,go version go1.27.0 darwin/arm64,crypto/rsa/boring_test.go,approved,
GOROOT,go version go1.27.0 darwin/arm64,crypto/rsa/equal_test.go,approved,
GOROOT,go version go1.27.0 darwin/arm64,crypto/rsa/example_test.go,approved,
GOROOT,go version go1.27.0 darwin/arm64,crypto/rsa/pkcs1v15_test.go,approved,
GOROOT,go version go1.27.0 darwin/arm64,crypto/rsa/pss_test.go,approved,
GOROOT,go version go1.27.0 darwin/arm64,crypto/rsa/rsa_export_test.go,approved,
GOROOT,go version go1.27.0 darwin/arm64,crypto/rsa/rsa_test.go,rejected,test integrity violation: test TestImpossibleKeyGeneration has no reachable assertions
GOROOT,go version go1.27.0 darwin/arm64,crypto/rsa/rsa_wycheproof_test.go,approved,
GOROOT,go version go1.27.0 darwin/arm64,crypto/sha1/example_test.go,approved,
GOROOT,go version go1.27.0 darwin/arm64,crypto/sha1/sha1_test.go,approved,
GOROOT,go version go1.27.0 darwin/arm64,crypto/sha256/example_test.go,approved,
GOROOT,go version go1.27.0 darwin/arm64,crypto/sha256/sha256_test.go,approved,
GOROOT,go version go1.27.0 darwin/arm64,crypto/sha3/sha3_test.go,approved,
GOROOT,go version go1.27.0 darwin/arm64,crypto/sha512/sha512_test.go,approved,
GOROOT,go version go1.27.0 darwin/arm64,crypto/subtle/constant_time_test.go,approved,
GOROOT,go version go1.27.0 darwin/arm64,crypto/subtle/dit_test.go,approved,
GOROOT,go version go1.27.0 darwin/arm64,crypto/subtle/xor_test.go,approved,
GOROOT,go version go1.27.0 darwin/arm64,crypto/tls/auth_test.go,approved,
GOROOT,go version go1.27.0 darwin/arm64,crypto/tls/bogo_shim_notunix_test.go,approved,
GOROOT,go version go1.27.0 darwin/arm64,crypto/tls/bogo_shim_test.go,approved,
GOROOT,go version go1.27.0 darwin/arm64,crypto/tls/bogo_shim_unix_test.go,approved,
GOROOT,go version go1.27.0 darwin/arm64,crypto/tls/cache_test.go,approved,
GOROOT,go version go1.27.0 darwin/arm64,crypto/tls/certificates_generator_test.go,unreviewed,UNREVIEWED: review escalation required for //go:generate directive; fail-closed for human review
GOROOT,go version go1.27.0 darwin/arm64,crypto/tls/certificates_test.go,approved,
GOROOT,go version go1.27.0 darwin/arm64,crypto/tls/conn_test.go,approved,
GOROOT,go version go1.27.0 darwin/arm64,crypto/tls/ech_test.go,approved,
GOROOT,go version go1.27.0 darwin/arm64,crypto/tls/example_test.go,approved,
GOROOT,go version go1.27.0 darwin/arm64,crypto/tls/fips140_test.go,approved,
GOROOT,go version go1.27.0 darwin/arm64,crypto/tls/fipsonly/fipsonly_test.go,approved,
GOROOT,go version go1.27.0 darwin/arm64,crypto/tls/handshake_client_test.go,approved,
GOROOT,go version go1.27.0 darwin/arm64,crypto/tls/handshake_messages_test.go,approved,
GOROOT,go version go1.27.0 darwin/arm64,crypto/tls/handshake_server_test.go,approved,
GOROOT,go version go1.27.0 darwin/arm64,crypto/tls/handshake_test.go,approved,
GOROOT,go version go1.27.0 darwin/arm64,crypto/tls/handshake_unix_test.go,approved,
GOROOT,go version go1.27.0 darwin/arm64,crypto/tls/key_schedule_test.go,approved,
GOROOT,go version go1.27.0 darwin/arm64,crypto/tls/link_test.go,approved,
GOROOT,go version go1.27.0 darwin/arm64,crypto/tls/prf_test.go,approved,
GOROOT,go version go1.27.0 darwin/arm64,crypto/tls/quic_test.go,approved,
GOROOT,go version go1.27.0 darwin/arm64,crypto/tls/ticket_test.go,approved,
GOROOT,go version go1.27.0 darwin/arm64,crypto/tls/tls_test.go,approved,
GOROOT,go version go1.27.0 darwin/arm64,crypto/x509/cert_pool_test.go,approved,
GOROOT,go version go1.27.0 darwin/arm64,crypto/x509/example_test.go,approved,
GOROOT,go version go1.27.0 darwin/arm64,crypto/x509/hybrid_pool_test.go,approved,
GOROOT,go version go1.27.0 darwin/arm64,crypto/x509/name_constraints_test.go,approved,
GOROOT,go version go1.27.0 darwin/arm64,crypto/x509/oid_test.go,approved,
GOROOT,go version go1.27.0 darwin/arm64,crypto/x509/parser_fips140v1.0_test.go,approved,
GOROOT,go version go1.27.0 darwin/arm64,crypto/x509/parser_test.go,approved,
GOROOT,go version go1.27.0 darwin/arm64,crypto/x509/pem_decrypt_test.go,approved,
GOROOT,go version go1.27.0 darwin/arm64,crypto/x509/pkcs8_test.go,approved,
GOROOT,go version go1.27.0 darwin/arm64,crypto/x509/pkits_test.go,approved,
GOROOT,go version go1.27.0 darwin/arm64,crypto/x509/platform_test.go,approved,
GOROOT,go version go1.27.0 darwin/arm64,crypto/x509/root_linux_test.go,approved,
GOROOT,go version go1.27.0 darwin/arm64,crypto/x509/root_test.go,approved,
GOROOT,go version go1.27.0 darwin/arm64,crypto/x509/sec1_test.go,approved,
GOROOT,go version go1.27.0 darwin/arm64,crypto/x509/verify_test.go,approved,
GOROOT,go version go1.27.0 darwin/arm64,crypto/x509/x509_test.go,approved,
GOROOT,go version go1.27.0 darwin/arm64,crypto/x509/x509limbo_test.go,approved,
GOROOT,go version go1.27.0 darwin/arm64,database/sql/closemu_test.go,approved,
GOROOT,go version go1.27.0 darwin/arm64,database/sql/convert_test.go,approved,
GOROOT,go version go1.27.0 darwin/arm64,database/sql/driver/types_test.go,approved,
GOROOT,go version go1.27.0 darwin/arm64,database/sql/example_cli_test.go,approved,
GOROOT,go version go1.27.0 darwin/arm64,database/sql/example_service_test.go,approved,
GOROOT,go version go1.27.0 darwin/arm64,database/sql/example_test.go,approved,
GOROOT,go version go1.27.0 darwin/arm64,database/sql/fakedb_test.go,approved,
GOROOT,go version go1.27.0 darwin/arm64,database/sql/sql_test.go,approved,
GOROOT,go version go1.27.0 darwin/arm64,debug/buildinfo/buildinfo_test.go,approved,
GOROOT,go version go1.27.0 darwin/arm64,debug/buildinfo/search_test.go,approved,
GOROOT,go version go1.27.0 darwin/arm64,debug/dwarf/dwarf5ranges_test.go,approved,
GOROOT,go version go1.27.0 darwin/arm64,debug/dwarf/entry_test.go,approved,
GOROOT,go version go1.27.0 darwin/arm64,debug/dwarf/export_test.go,approved,
GOROOT,go version go1.27.0 darwin/arm64,debug/dwarf/line_test.go,approved,
GOROOT,go version go1.27.0 darwin/arm64,debug/dwarf/type_test.go,approved,
GOROOT,go version go1.27.0 darwin/arm64,debug/elf/elf_test.go,approved,
GOROOT,go version go1.27.0 darwin/arm64,debug/elf/file_test.go,approved,
GOROOT,go version go1.27.0 darwin/arm64,debug/elf/fuzz_test.go,approved,
GOROOT,go version go1.27.0 darwin/arm64,debug/elf/symbols_test.go,approved,
GOROOT,go version go1.27.0 darwin/arm64,debug/gosym/pclntab_test.go,approved,
GOROOT,go version go1.27.0 darwin/arm64,debug/gosym/symtab_test.go,approved,
GOROOT,go version go1.27.0 darwin/arm64,debug/macho/file_test.go,approved,
GOROOT,go version go1.27.0 darwin/arm64,debug/pe/file_cgo_test.go,approved,
GOROOT,go version go1.27.0 darwin/arm64,debug/pe/file_test.go,approved,
GOROOT,go version go1.27.0 darwin/arm64,debug/pe/fuzz_test.go,approved,
GOROOT,go version go1.27.0 darwin/arm64,debug/pe/symbols_test.go,approved,
GOROOT,go version go1.27.0 darwin/arm64,debug/plan9obj/file_test.go,approved,
GOROOT,go version go1.27.0 darwin/arm64,embed/example_test.go,approved,
GOROOT,go version go1.27.0 darwin/arm64,embed/internal/embedtest/embed_test.go,approved,
GOROOT,go version go1.27.0 darwin/arm64,embed/internal/embedtest/embedx_test.go,approved,
GOROOT,go version go1.27.0 darwin/arm64,encoding/ascii85/ascii85_test.go,approved,
GOROOT,go version go1.27.0 darwin/arm64,encoding/asn1/asn1_test.go,approved,
GOROOT,go version go1.27.0 darwin/arm64,encoding/asn1/marshal_test.go,approved,
GOROOT,go version go1.27.0 darwin/arm64,encoding/base32/base32_test.go,approved,
GOROOT,go version go1.27.0 darwin/arm64,encoding/base32/example_test.go,approved,
GOROOT,go version go1.27.0 darwin/arm64,encoding/base64/base64_test.go,approved,
GOROOT,go version go1.27.0 darwin/arm64,encoding/base64/example_test.go,approved,
GOROOT,go version go1.27.0 darwin/arm64,encoding/binary/binary_test.go,approved,
GOROOT,go version go1.27.0 darwin/arm64,encoding/binary/example_test.go,approved,
GOROOT,go version go1.27.0 darwin/arm64,encoding/binary/varint_test.go,approved,
GOROOT,go version go1.27.0 darwin/arm64,encoding/csv/example_test.go,approved,
GOROOT,go version go1.27.0 darwin/arm64,encoding/csv/fuzz_test.go,approved,
GOROOT,go version go1.27.0 darwin/arm64,encoding/csv/reader_test.go,approved,
GOROOT,go version go1.27.0 darwin/arm64,encoding/csv/writer_test.go,approved,
GOROOT,go version go1.27.0 darwin/arm64,encoding/gob/codec_test.go,approved,
GOROOT,go version go1.27.0 darwin/arm64,encoding/gob/encoder_test.go,approved,
GOROOT,go version go1.27.0 darwin/arm64,encoding/gob/example_encdec_test.go,approved,
GOROOT,go version go1.27.0 darwin/arm64,encoding/gob/example_interface_test.go,approved,
GOROOT,go version go1.27.0 darwin/arm64,encoding/gob/example_test.go,approved,
GOROOT,go version go1.27.0 darwin/arm64,encoding/gob/gobencdec_test.go,approved,
GOROOT,go version go1.27.0 darwin/arm64,encoding/gob/timing_test.go,approved,
GOROOT,go version go1.27.0 darwin/arm64,encoding/gob/type_test.go,approved,
GOROOT,go version go1.27.0 darwin/arm64,encoding/hex/example_test.go,approved,
GOROOT,go version go1.27.0 darwin/arm64,encoding/hex/hex_test.go,approved,
GOROOT,go version go1.27.0 darwin/arm64,encoding/json/bench_test.go,approved,
GOROOT,go version go1.27.0 darwin/arm64,encoding/json/decode_test.go,approved,
GOROOT,go version go1.27.0 darwin/arm64,encoding/json/encode_test.go,approved,
GOROOT,go version go1.27.0 darwin/arm64,encoding/json/example_marshaling_test.go,approved,
GOROOT,go version go1.27.0 darwin/arm64,encoding/json/example_test.go,approved,
GOROOT,go version go1.27.0 darwin/arm64,encoding/json/example_text_marshaling_test.go,approved,
GOROOT,go version go1.27.0 darwin/arm64,encoding/json/fold_test.go,approved,
GOROOT,go version go1.27.0 darwin/arm64,encoding/json/fuzz_test.go,approved,
GOROOT,go version go1.27.0 darwin/arm64,encoding/json/internal/jsonflags/flags_test.go,approved,
GOROOT,go version go1.27.0 darwin/arm64,encoding/json/internal/jsonopts/options_test.go,approved,
GOROOT,go version go1.27.0 darwin/arm64,encoding/json/internal/jsonwire/decode_test.go,approved,
GOROOT,go version go1.27.0 darwin/arm64,encoding/json/internal/jsonwire/encode_test.go,approved,
GOROOT,go version go1.27.0 darwin/arm64,encoding/json/internal/jsonwire/wire_test.go,approved,
GOROOT,go version go1.27.0 darwin/arm64,encoding/json/jsontext/coder_test.go,approved,
GOROOT,go version go1.27.0 darwin/arm64,encoding/json/jsontext/decode_test.go,approved,
GOROOT,go version go1.27.0 darwin/arm64,encoding/json/jsontext/encode_test.go,approved,
GOROOT,go version go1.27.0 darwin/arm64,encoding/json/jsontext/example_test.go,approved,
GOROOT,go version go1.27.0 darwin/arm64,encoding/json/jsontext/fuzz_test.go,approved,
GOROOT,go version go1.27.0 darwin/arm64,encoding/json/jsontext/state_test.go,approved,
GOROOT,go version go1.27.0 darwin/arm64,encoding/json/jsontext/token_test.go,approved,
GOROOT,go version go1.27.0 darwin/arm64,encoding/json/jsontext/value_test.go,approved,
GOROOT,go version go1.27.0 darwin/arm64,encoding/json/number_test.go,approved,
GOROOT,go version go1.27.0 darwin/arm64,encoding/json/scanner_test.go,approved,
GOROOT,go version go1.27.0 darwin/arm64,encoding/json/stream_test.go,approved,
GOROOT,go version go1.27.0 darwin/arm64,encoding/json/tagkey_test.go,approved,
GOROOT,go version go1.27.0 darwin/arm64,encoding/json/tags_test.go,approved,
GOROOT,go version go1.27.0 darwin/arm64,encoding/json/v2/arshal_test.go,approved,
GOROOT,go version go1.27.0 darwin/arm64,encoding/json/v2/arshal_time_test.go,approved,
GOROOT,go version go1.27.0 darwin/arm64,encoding/json/v2/bench_test.go,approved,
GOROOT,go version go1.27.0 darwin/arm64,encoding/json/v2/errors_test.go,approved,
GOROOT,go version go1.27.0 darwin/arm64,encoding/json/v2/example_marshaljson_test.go,approved,
GOROOT,go version go1.27.0 darwin/arm64,encoding/json/v2/example_orderedobject_test.go,approved,
GOROOT,go version go1.27.0 darwin/arm64,encoding/json/v2/example_test.go,approved,
GOROOT,go version go1.27.0 darwin/arm64,encoding/json/v2/fields_test.go,approved,
GOROOT,go version go1.27.0 darwin/arm64,encoding/json/v2/fold_test.go,approved,
GOROOT,go version go1.27.0 darwin/arm64,encoding/json/v2/fuzz_test.go,approved,
GOROOT,go version go1.27.0 darwin/arm64,encoding/json/v2/inline_test.go,approved,
GOROOT,go version go1.27.0 darwin/arm64,encoding/json/v2/intern_test.go,approved,
GOROOT,go version go1.27.0 darwin/arm64,encoding/json/v2_bench_test.go,approved,
GOROOT,go version go1.27.0 darwin/arm64,encoding/json/v2_decode_test.go,approved,
GOROOT,go version go1.27.0 darwin/arm64,encoding/json/v2_diff_test.go,rejected,test integrity violation: test TestTimeDurations has no reachable assertions
GOROOT,go version go1.27.0 darwin/arm64,encoding/json/v2_encode_test.go,approved,
GOROOT,go version go1.27.0 darwin/arm64,encoding/json/v2_example_marshaling_test.go,approved,
GOROOT,go version go1.27.0 darwin/arm64,encoding/json/v2_example_test.go,approved,
GOROOT,go version go1.27.0 darwin/arm64,encoding/json/v2_example_text_marshaling_test.go,approved,
GOROOT,go version go1.27.0 darwin/arm64,encoding/json/v2_fuzz_test.go,approved,
GOROOT,go version go1.27.0 darwin/arm64,encoding/json/v2_scanner_test.go,approved,
GOROOT,go version go1.27.0 darwin/arm64,encoding/json/v2_stream_test.go,approved,
GOROOT,go version go1.27.0 darwin/arm64,encoding/json/v2_tagkey_test.go,approved,
GOROOT,go version go1.27.0 darwin/arm64,encoding/pem/example_test.go,approved,
GOROOT,go version go1.27.0 darwin/arm64,encoding/pem/pem_test.go,rejected,test integrity violation: test TestMissingEndTrailer has no reachable assertions
GOROOT,go version go1.27.0 darwin/arm64,encoding/xml/atom_test.go,approved,
GOROOT,go version go1.27.0 darwin/arm64,encoding/xml/example_marshaling_test.go,approved,
GOROOT,go version go1.27.0 darwin/arm64,encoding/xml/example_test.go,approved,
GOROOT,go version go1.27.0 darwin/arm64,encoding/xml/example_text_marshaling_test.go,approved,
GOROOT,go version go1.27.0 darwin/arm64,encoding/xml/marshal_test.go,approved,
GOROOT,go version go1.27.0 darwin/arm64,encoding/xml/read_test.go,approved,
GOROOT,go version go1.27.0 darwin/arm64,encoding/xml/xml_test.go,approved,
GOROOT,go version go1.27.0 darwin/arm64,errors/errors_test.go,approved,
GOROOT,go version go1.27.0 darwin/arm64,errors/example_test.go,approved,
GOROOT,go version go1.27.0 darwin/arm64,errors/join_test.go,approved,
GOROOT,go version go1.27.0 darwin/arm64,errors/wrap_test.go,approved,
GOROOT,go version go1.27.0 darwin/arm64,expvar/expvar_test.go,approved,
GOROOT,go version go1.27.0 darwin/arm64,flag/example_flagset_test.go,approved,
GOROOT,go version go1.27.0 darwin/arm64,flag/example_func_test.go,approved,
GOROOT,go version go1.27.0 darwin/arm64,flag/example_test.go,approved,
GOROOT,go version go1.27.0 darwin/arm64,flag/example_textvar_test.go,approved,
GOROOT,go version go1.27.0 darwin/arm64,flag/example_value_test.go,approved,
GOROOT,go version go1.27.0 darwin/arm64,flag/export_test.go,approved,
GOROOT,go version go1.27.0 darwin/arm64,flag/flag_test.go,approved,
GOROOT,go version go1.27.0 darwin/arm64,fmt/errors_test.go,approved,
GOROOT,go version go1.27.0 darwin/arm64,fmt/example_test.go,approved,
GOROOT,go version go1.27.0 darwin/arm64,fmt/export_test.go,approved,
GOROOT,go version go1.27.0 darwin/arm64,fmt/fmt_test.go,approved,
GOROOT,go version go1.27.0 darwin/arm64,fmt/gostringer_example_test.go,approved,
GOROOT,go version go1.27.0 darwin/arm64,fmt/scan_test.go,approved,
GOROOT,go version go1.27.0 darwin/arm64,fmt/state_test.go,approved,
GOROOT,go version go1.27.0 darwin/arm64,fmt/stringer_example_test.go,approved,
GOROOT,go version go1.27.0 darwin/arm64,fmt/stringer_test.go,approved,
GOROOT,go version go1.27.0 darwin/arm64,go/ast/ast_test.go,approved,
GOROOT,go version go1.27.0 darwin/arm64,go/ast/commentmap_test.go,approved,
GOROOT,go version go1.27.0 darwin/arm64,go/ast/directive_test.go,rejected,test integrity violation: test file go/ast/directive_test.go contains build ignore tag
GOROOT,go version go1.27.0 darwin/arm64,go/ast/example_test.go,approved,
GOROOT,go version go1.27.0 darwin/arm64,go/ast/filter_test.go,approved,
GOROOT,go version go1.27.0 darwin/arm64,go/ast/import_test.go,approved,
GOROOT,go version go1.27.0 darwin/arm64,go/ast/issues_test.go,approved,
GOROOT,go version go1.27.0 darwin/arm64,go/ast/print_test.go,approved,
GOROOT,go version go1.27.0 darwin/arm64,go/ast/walk_test.go,approved,
GOROOT,go version go1.27.0 darwin/arm64,go/build/build_test.go,approved,
GOROOT,go version go1.27.0 darwin/arm64,go/build/constraint/expr_test.go,approved,
GOROOT,go version go1.27.0 darwin/arm64,go/build/constraint/vers_test.go,rejected,test integrity violation: test file go/build/constraint/vers_test.go contains build ignore tag
GOROOT,go version go1.27.0 darwin/arm64,go/build/deps_test.go,rejected,test integrity violation: test file go/build/deps_test.go contains build ignore tag
GOROOT,go version go1.27.0 darwin/arm64,go/build/read_test.go,approved,
GOROOT,go version go1.27.0 darwin/arm64,go/build/syslist_test.go,approved,
GOROOT,go version go1.27.0 darwin/arm64,go/build/vendor_test.go,approved,
GOROOT,go version go1.27.0 darwin/arm64,go/constant/example_test.go,approved,
GOROOT,go version go1.27.0 darwin/arm64,go/constant/value_test.go,approved,
GOROOT,go version go1.27.0 darwin/arm64,go/doc/comment/old_test.go,approved,
GOROOT,go version go1.27.0 darwin/arm64,go/doc/comment/parse_test.go,rejected,test integrity violation: test Test52353 has no reachable assertions
GOROOT,go version go1.27.0 darwin/arm64,go/doc/comment/std_test.go,approved,
GOROOT,go version go1.27.0 darwin/arm64,go/doc/comment/testdata_test.go,approved,
GOROOT,go version go1.27.0 darwin/arm64,go/doc/comment/wrap_test.go,approved,
GOROOT,go version go1.27.0 darwin/arm64,go/doc/comment_test.go,approved,
GOROOT,go version go1.27.0 darwin/arm64,go/doc/doc_test.go,approved,
GOROOT,go version go1.27.0 darwin/arm64,go/doc/example_internal_test.go,approved,
GOROOT,go version go1.27.0 darwin/arm64,go/doc/example_test.go,approved,
GOROOT,go version go1.27.0 darwin/arm64,go/doc/synopsis_test.go,approved,
GOROOT,go version go1.27.0 darwin/arm64,go/format/benchmark_test.go,approved,
GOROOT,go version go1.27.0 darwin/arm64,go/format/example_test.go,approved,
GOROOT,go version go1.27.0 darwin/arm64,go/format/format_test.go,approved,
GOROOT,go version go1.27.0 darwin/arm64,go/importer/importer_test.go,approved,
GOROOT,go version go1.27.0 darwin/arm64,go/internal/gccgoimporter/gccgoinstallation_test.go,approved,
GOROOT,go version go1.27.0 darwin/arm64,go/internal/gccgoimporter/importer_test.go,approved,
GOROOT,go version go1.27.0 darwin/arm64,go/internal/gccgoimporter/parser_test.go,approved,
GOROOT,go version go1.27.0 darwin/arm64,go/internal/gcimporter/gcimporter_test.go,approved,
GOROOT,go version go1.27.0 darwin/arm64,go/internal/srcimporter/srcimporter_test.go,approved,
GOROOT,go version go1.27.0 darwin/arm64,go/parser/error_test.go,approved,
GOROOT,go version go1.27.0 darwin/arm64,go/parser/example_test.go,approved,
GOROOT,go version go1.27.0 darwin/arm64,go/parser/parser_test.go,approved,
GOROOT,go version go1.27.0 darwin/arm64,go/parser/performance_test.go,approved,
GOROOT,go version go1.27.0 darwin/arm64,go/parser/resolver_test.go,approved,
GOROOT,go version go1.27.0 darwin/arm64,go/parser/short_test.go,approved,
GOROOT,go version go1.27.0 darwin/arm64,go/printer/example_test.go,approved,
GOROOT,go version go1.27.0 darwin/arm64,go/printer/performance_test.go,approved,
GOROOT,go version go1.27.0 darwin/arm64,go/printer/printer_test.go,approved,
GOROOT,go version go1.27.0 darwin/arm64,go/scanner/example_test.go,approved,
GOROOT,go version go1.27.0 darwin/arm64,go/scanner/scanner_test.go,approved,
GOROOT,go version go1.27.0 darwin/arm64,go/token/example_test.go,approved,
GOROOT,go version go1.27.0 darwin/arm64,go/token/export_test.go,approved,
GOROOT,go version go1.27.0 darwin/arm64,go/token/position_bench_test.go,approved,
GOROOT,go version go1.27.0 darwin/arm64,go/token/position_test.go,approved,
GOROOT,go version go1.27.0 darwin/arm64,go/token/serialize_test.go,approved,
GOROOT,go version go1.27.0 darwin/arm64,go/token/token_test.go,approved,
GOROOT,go version go1.27.0 darwin/arm64,go/token/tree_test.go,approved,
GOROOT,go version go1.27.0 darwin/arm64,go/types/alias_test.go,approved,
GOROOT,go version go1.27.0 darwin/arm64,go/types/api_test.go,approved,
GOROOT,go version go1.27.0 darwin/arm64,go/types/builtins_test.go,approved,
GOROOT,go version go1.27.0 darwin/arm64,go/types/check_test.go,approved,
GOROOT,go version go1.27.0 darwin/arm64,go/types/commentMap_test.go,approved,
GOROOT,go version go1.27.0 darwin/arm64,go/types/context_test.go,approved,
GOROOT,go version go1.27.0 darwin/arm64,go/types/errorcalls_test.go,approved,
GOROOT,go version go1.27.0 darwin/arm64,go/types/errors_test.go,approved,
GOROOT,go version go1.27.0 darwin/arm64,go/types/eval_test.go,approved,
GOROOT,go version go1.27.0 darwin/arm64,go/types/example_test.go,approved,
GOROOT,go version go1.27.0 darwin/arm64,go/types/exprstring_test.go,approved,
GOROOT,go version go1.27.0 darwin/arm64,go/types/generate_test.go,approved,
GOROOT,go version go1.27.0 darwin/arm64,go/types/hash_test.go,approved,
GOROOT,go version go1.27.0 darwin/arm64,go/types/hilbert_test.go,approved,
GOROOT,go version go1.27.0 darwin/arm64,go/types/instantiate_test.go,approved,
GOROOT,go version go1.27.0 darwin/arm64,go/types/issues_test.go,rejected,test integrity violation: test TestIssue61938 has no reachable assertions
GOROOT,go version go1.27.0 darwin/arm64,go/types/lookup_test.go,approved,
GOROOT,go version go1.27.0 darwin/arm64,go/types/main_test.go,approved,
GOROOT,go version go1.27.0 darwin/arm64,go/types/methodset_test.go,approved,
GOROOT,go version go1.27.0 darwin/arm64,go/types/mono_test.go,approved,
GOROOT,go version go1.27.0 darwin/arm64,go/types/named_test.go,approved,
GOROOT,go version go1.27.0 darwin/arm64,go/types/object_test.go,approved,
GOROOT,go version go1.27.0 darwin/arm64,go/types/resolver_test.go,approved,
GOROOT,go version go1.27.0 darwin/arm64,go/types/scope2_test.go,approved,
GOROOT,go version go1.27.0 darwin/arm64,go/types/self_test.go,approved,
GOROOT,go version go1.27.0 darwin/arm64,go/types/sizeof_test.go,approved,
GOROOT,go version go1.27.0 darwin/arm64,go/types/sizes_test.go,approved,
GOROOT,go version go1.27.0 darwin/arm64,go/types/stdlib_test.go,approved,
GOROOT,go version go1.27.0 darwin/arm64,go/types/termlist_test.go,approved,
GOROOT,go version go1.27.0 darwin/arm64,go/types/token_test.go,approved,
GOROOT,go version go1.27.0 darwin/arm64,go/types/trie_test.go,approved,
GOROOT,go version go1.27.0 darwin/arm64,go/types/typeset_test.go,approved,
GOROOT,go version go1.27.0 darwin/arm64,go/types/typestring_test.go,approved,
GOROOT,go version go1.27.0 darwin/arm64,go/types/typeterm_test.go,approved,
GOROOT,go version go1.27.0 darwin/arm64,go/types/util_test.go,approved,
GOROOT,go version go1.27.0 darwin/arm64,go/version/version_test.go,approved,
GOROOT,go version go1.27.0 darwin/arm64,hash/adler32/adler32_test.go,approved,
GOROOT,go version go1.27.0 darwin/arm64,hash/crc32/crc32_test.go,approved,
GOROOT,go version go1.27.0 darwin/arm64,hash/crc32/example_test.go,approved,
GOROOT,go version go1.27.0 darwin/arm64,hash/crc64/crc64_test.go,approved,
GOROOT,go version go1.27.0 darwin/arm64,hash/example_test.go,approved,
GOROOT,go version go1.27.0 darwin/arm64,hash/fnv/fnv_test.go,approved,
GOROOT,go version go1.27.0 darwin/arm64,hash/maphash/example_bloom_test.go,approved,
GOROOT,go version go1.27.0 darwin/arm64,hash/maphash/example_test.go,approved,
GOROOT,go version go1.27.0 darwin/arm64,hash/maphash/maphash_test.go,approved,
GOROOT,go version go1.27.0 darwin/arm64,hash/maphash/smhasher_test.go,approved,
GOROOT,go version go1.27.0 darwin/arm64,hash/marshal_test.go,approved,
GOROOT,go version go1.27.0 darwin/arm64,html/entity_test.go,approved,
GOROOT,go version go1.27.0 darwin/arm64,html/escape_test.go,approved,
GOROOT,go version go1.27.0 darwin/arm64,html/example_test.go,approved,
GOROOT,go version go1.27.0 darwin/arm64,html/fuzz_test.go,approved,
GOROOT,go version go1.27.0 darwin/arm64,html/template/clone_test.go,approved,
GOROOT,go version go1.27.0 darwin/arm64,html/template/content_test.go,approved,
GOROOT,go version go1.27.0 darwin/arm64,html/template/css_test.go,approved,
GOROOT,go version go1.27.0 darwin/arm64,html/template/escape_test.go,approved,
GOROOT,go version go1.27.0 darwin/arm64,html/template/example_test.go,approved,
GOROOT,go version go1.27.0 darwin/arm64,html/template/examplefiles_test.go,approved,
GOROOT,go version go1.27.0 darwin/arm64,html/template/exec_test.go,rejected,test integrity violation: test TestIssue31810 has no reachable assertions
GOROOT,go version go1.27.0 darwin/arm64,html/template/html_test.go,approved,
GOROOT,go version go1.27.0 darwin/arm64,html/template/js_test.go,approved,
GOROOT,go version go1.27.0 darwin/arm64,html/template/multi_test.go,rejected,test integrity violation: test TestTemplateLookUp has no reachable assertions
GOROOT,go version go1.27.0 darwin/arm64,html/template/template_test.go,approved,
GOROOT,go version go1.27.0 darwin/arm64,html/template/transition_test.go,approved,
GOROOT,go version go1.27.0 darwin/arm64,html/template/url_test.go,approved,
GOROOT,go version go1.27.0 darwin/arm64,image/color/color_test.go,approved,
GOROOT,go version go1.27.0 darwin/arm64,image/color/ycbcr_test.go,approved,
GOROOT,go version go1.27.0 darwin/arm64,image/decode_example_test.go,approved,
GOROOT,go version go1.27.0 darwin/arm64,image/decode_test.go,approved,
GOROOT,go version go1.27.0 darwin/arm64,image/draw/bench_test.go,approved,
GOROOT,go version go1.27.0 darwin/arm64,image/draw/clip_test.go,approved,
GOROOT,go version go1.27.0 darwin/arm64,image/draw/draw_test.go,approved,
GOROOT,go version go1.27.0 darwin/arm64,image/draw/example_test.go,approved,
GOROOT,go version go1.27.0 darwin/arm64,image/geom_test.go,approved,
GOROOT,go version go1.27.0 darwin/arm64,image/gif/fuzz_test.go,approved,
GOROOT,go version go1.27.0 darwin/arm64,image/gif/reader_test.go,approved,
GOROOT,go version go1.27.0 darwin/arm64,image/gif/writer_test.go,approved,
GOROOT,go version go1.27.0 darwin/arm64,image/image_test.go,approved,
GOROOT,go version go1.27.0 darwin/arm64,image/jpeg/dct_test.go,approved,
GOROOT,go version go1.27.0 darwin/arm64,image/jpeg/fuzz_test.go,approved,
GOROOT,go version go1.27.0 darwin/arm64,image/jpeg/reader_test.go,approved,
GOROOT,go version go1.27.0 darwin/arm64,image/jpeg/writer_test.go,approved,
GOROOT,go version go1.27.0 darwin/arm64,image/png/example_test.go,approved,
GOROOT,go version go1.27.0 darwin/arm64,image/png/fuzz_test.go,approved,
GOROOT,go version go1.27.0 darwin/arm64,image/png/paeth_test.go,approved,
GOROOT,go version go1.27.0 darwin/arm64,image/png/reader_test.go,approved,
GOROOT,go version go1.27.0 darwin/arm64,image/png/writer_test.go,approved,
GOROOT,go version go1.27.0 darwin/arm64,image/ycbcr_test.go,approved,
GOROOT,go version go1.27.0 darwin/arm64,index/suffixarray/example_test.go,approved,
GOROOT,go version go1.27.0 darwin/arm64,index/suffixarray/suffixarray_test.go,approved,
GOROOT,go version go1.27.0 darwin/arm64,internal/abi/abi_test.go,approved,
GOROOT,go version go1.27.0 darwin/arm64,internal/abi/export_test.go,approved,
GOROOT,go version go1.27.0 darwin/arm64,internal/buildcfg/cfg_test.go,approved,
GOROOT,go version go1.27.0 darwin/arm64,internal/cgrouptest/cgrouptest_linux_test.go,approved,
GOROOT,go version go1.27.0 darwin/arm64,internal/chacha8rand/export_test.go,approved,
GOROOT,go version go1.27.0 darwin/arm64,internal/chacha8rand/rand_test.go,approved,
GOROOT,go version go1.27.0 darwin/arm64,internal/copyright/copyright_test.go,approved,
GOROOT,go version go1.27.0 darwin/arm64,internal/coverage/cfile/emitdata_test.go,approved,
GOROOT,go version go1.27.0 darwin/arm64,internal/coverage/cfile/snapshot_test.go,approved,
GOROOT,go version go1.27.0 darwin/arm64,internal/coverage/cfile/ts_test.go,approved,
GOROOT,go version go1.27.0 darwin/arm64,internal/coverage/cformat/fmt_test.go,approved,
GOROOT,go version go1.27.0 darwin/arm64,internal/coverage/cmerge/merge_test.go,approved,
GOROOT,go version go1.27.0 darwin/arm64,internal/coverage/pods/pods_test.go,approved,
GOROOT,go version go1.27.0 darwin/arm64,internal/coverage/slicereader/slr_test.go,approved,
GOROOT,go version go1.27.0 darwin/arm64,internal/coverage/slicewriter/slw_test.go,approved,
GOROOT,go version go1.27.0 darwin/arm64,internal/coverage/test/counter_test.go,approved,
GOROOT,go version go1.27.0 darwin/arm64,internal/coverage/test/roundtrip_test.go,approved,
GOROOT,go version go1.27.0 darwin/arm64,internal/cpu/cpu_s390x_test.go,approved,
GOROOT,go version go1.27.0 darwin/arm64,internal/cpu/cpu_test.go,approved,
GOROOT,go version go1.27.0 darwin/arm64,internal/cpu/cpu_windows_test.go,rejected,"test integrity violation: environment/OS/arch-gated early return detected (runtime.GOARCH != ""amd64"")"
GOROOT,go version go1.27.0 darwin/arm64,internal/cpu/cpu_x86_test.go,approved,
GOROOT,go version go1.27.0 darwin/arm64,internal/cpu/datacache_x86_test.go,rejected,test integrity violation: test TestDataCacheSizes has no reachable assertions
GOROOT,go version go1.27.0 darwin/arm64,internal/cpu/export_test.go,approved,
GOROOT,go version go1.27.0 darwin/arm64,internal/cpu/export_x86_test.go,approved,
GOROOT,go version go1.27.0 darwin/arm64,internal/dag/alg_test.go,approved,
GOROOT,go version go1.27.0 darwin/arm64,internal/dag/parse_test.go,approved,
GOROOT,go version go1.27.0 darwin/arm64,internal/diff/diff_test.go,approved,
GOROOT,go version go1.27.0 darwin/arm64,internal/fmtsort/export_test.go,approved,
GOROOT,go version go1.27.0 darwin/arm64,internal/fmtsort/sort_test.go,approved,
GOROOT,go version go1.27.0 darwin/arm64,internal/fuzz/encoding_test.go,approved,
GOROOT,go version go1.27.0 darwin/arm64,internal/fuzz/minimize_test.go,approved,
GOROOT,go version go1.27.0 darwin/arm64,internal/fuzz/mutator_test.go,approved,
GOROOT,go version go1.27.0 darwin/arm64,internal/fuzz/mutators_byteslice_test.go,approved,
GOROOT,go version go1.27.0 darwin/arm64,internal/fuzz/queue_test.go,approved,
GOROOT,go version go1.27.0 darwin/arm64,internal/fuzz/worker_test.go,approved,
GOROOT,go version go1.27.0 darwin/arm64,internal/gate/gate_test.go,approved,
GOROOT,go version go1.27.0 darwin/arm64,internal/godebug/godebug_test.go,approved,
GOROOT,go version go1.27.0 darwin/arm64,internal/godebugs/godebugs_test.go,approved,
GOROOT,go version go1.27.0 darwin/arm64,internal/gover/gover_test.go,approved,
GOROOT,go version go1.27.0 darwin/arm64,internal/nettest/conn_test.go,approved,
GOROOT,go version go1.27.0 darwin/arm64,internal/nettest/listener_test.go,approved,
GOROOT,go version go1.27.0 darwin/arm64,internal/nettest/nettest_test.go,approved,
GOROOT,go version go1.27.0 darwin/arm64,internal/nettest/packetconn_test.go,rejected,test integrity violation: test TestPacketConnWriteAddressErrors has no reachable assertions
GOROOT,go version go1.27.0 darwin/arm64,internal/pkgbits/pkgbits_test.go,approved,
GOROOT,go version go1.27.0 darwin/arm64,internal/platform/zosarch_test.go,approved,
GOROOT,go version go1.27.0 darwin/arm64,internal/poll/error_linux_test.go,approved,
GOROOT,go version go1.27.0 darwin/arm64,internal/poll/error_stub_test.go,approved,
GOROOT,go version go1.27.0 darwin/arm64,internal/poll/error_test.go,approved,
GOROOT,go version go1.27.0 darwin/arm64,internal/poll/export_linux_test.go,approved,
GOROOT,go version go1.27.0 darwin/arm64,internal/poll/export_posix_test.go,approved,
GOROOT,go version go1.27.0 darwin/arm64,internal/poll/export_test.go,approved,
GOROOT,go version go1.27.0 darwin/arm64,internal/poll/export_windows_test.go,approved,
GOROOT,go version go1.27.0 darwin/arm64,internal/poll/fd_mutex_test.go,approved,
GOROOT,go version go1.27.0 darwin/arm64,internal/poll/fd_posix_test.go,approved,
GOROOT,go version go1.27.0 darwin/arm64,internal/poll/fd_windows_test.go,approved,
GOROOT,go version go1.27.0 darwin/arm64,internal/poll/read_test.go,approved,
GOROOT,go version go1.27.0 darwin/arm64,internal/poll/splice_linux_test.go,approved,
GOROOT,go version go1.27.0 darwin/arm64,internal/poll/writev_test.go,approved,
GOROOT,go version go1.27.0 darwin/arm64,internal/profile/proto_test.go,approved,
GOROOT,go version go1.27.0 darwin/arm64,internal/reflectlite/all_test.go,rejected,test integrity violation: test TestSetPanic has no reachable assertions
GOROOT,go version go1.27.0 darwin/arm64,internal/reflectlite/export_test.go,approved,
GOROOT,go version go1.27.0 darwin/arm64,internal/reflectlite/reflect_mirror_test.go,approved,
GOROOT,go version go1.27.0 darwin/arm64,internal/reflectlite/set_test.go,approved,
GOROOT,go version go1.27.0 darwin/arm64,internal/reflectlite/tostring_test.go,approved,
GOROOT,go version go1.27.0 darwin/arm64,internal/routebsd/address_darwin_test.go,approved,
GOROOT,go version go1.27.0 darwin/arm64,internal/routebsd/address_test.go,approved,
GOROOT,go version go1.27.0 darwin/arm64,internal/routebsd/message_darwin_test.go,approved,
GOROOT,go version go1.27.0 darwin/arm64,internal/routebsd/message_freebsd_test.go,approved,
GOROOT,go version go1.27.0 darwin/arm64,internal/routebsd/message_test.go,approved,
GOROOT,go version go1.27.0 darwin/arm64,internal/routebsd/route_test.go,approved,
GOROOT,go version go1.27.0 darwin/arm64,internal/runtime/atomic/atomic_andor_test.go,approved,
GOROOT,go version go1.27.0 darwin/arm64,internal/runtime/atomic/atomic_test.go,approved,
GOROOT,go version go1.27.0 darwin/arm64,internal/runtime/atomic/bench_test.go,approved,
GOROOT,go version go1.27.0 darwin/arm64,internal/runtime/atomic/xchg8_test.go,approved,
GOROOT,go version go1.27.0 darwin/arm64,internal/runtime/cgobench/bench_test.go,approved,
GOROOT,go version go1.27.0 darwin/arm64,internal/runtime/cgroup/cgroup_test.go,approved,
GOROOT,go version go1.27.0 darwin/arm64,internal/runtime/cgroup/export_test.go,approved,
GOROOT,go version go1.27.0 darwin/arm64,internal/runtime/cgroup/line_reader_test.go,approved,
GOROOT,go version go1.27.0 darwin/arm64,internal/runtime/gc/scan/expand_amd64_test.go,approved,
GOROOT,go version go1.27.0 darwin/arm64,internal/runtime/gc/scan/expand_test.go,approved,
GOROOT,go version go1.27.0 darwin/arm64,internal/runtime/gc/scan/filter_amd64_test.go,approved,
GOROOT,go version go1.27.0 darwin/arm64,internal/runtime/gc/scan/filter_test.go,approved,
GOROOT,go version go1.27.0 darwin/arm64,internal/runtime/gc/scan/mem_nounix_test.go,rejected,test integrity violation: Go test skipping is forbidden (t.Skip)
GOROOT,go version go1.27.0 darwin/arm64,internal/runtime/gc/scan/mem_unix_test.go,approved,
GOROOT,go version go1.27.0 darwin/arm64,internal/runtime/gc/scan/scan_amd64_test.go,approved,
GOROOT,go version go1.27.0 darwin/arm64,internal/runtime/gc/scan/scan_generic_test.go,approved,
GOROOT,go version go1.27.0 darwin/arm64,internal/runtime/gc/scan/scan_test.go,approved,
GOROOT,go version go1.27.0 darwin/arm64,internal/runtime/maps/export_test.go,approved,
GOROOT,go version go1.27.0 darwin/arm64,internal/runtime/maps/fuzz_test.go,approved,
GOROOT,go version go1.27.0 darwin/arm64,internal/runtime/maps/map_test.go,approved,
GOROOT,go version go1.27.0 darwin/arm64,internal/runtime/math/math_test.go,approved,
GOROOT,go version go1.27.0 darwin/arm64,internal/runtime/sys/intrinsics_test.go,approved,
GOROOT,go version go1.27.0 darwin/arm64,internal/runtime/syscall/linux/syscall_linux_test.go,approved,
GOROOT,go version go1.27.0 darwin/arm64,internal/runtime/wasitest/host_test.go,approved,
GOROOT,go version go1.27.0 darwin/arm64,internal/runtime/wasitest/nonblock_test.go,approved,
GOROOT,go version go1.27.0 darwin/arm64,internal/runtime/wasitest/tcpecho_test.go,approved,
GOROOT,go version go1.27.0 darwin/arm64,internal/saferio/io_test.go,approved,
GOROOT,go version go1.27.0 darwin/arm64,internal/singleflight/singleflight_test.go,approved,
GOROOT,go version go1.27.0 darwin/arm64,internal/strconv/atob_test.go,approved,
GOROOT,go version go1.27.0 darwin/arm64,internal/strconv/atoc_test.go,approved,
GOROOT,go version go1.27.0 darwin/arm64,internal/strconv/atof_test.go,approved,
GOROOT,go version go1.27.0 darwin/arm64,internal/strconv/atoi_test.go,approved,
GOROOT,go version go1.27.0 darwin/arm64,internal/strconv/ctoa_test.go,approved,
GOROOT,go version go1.27.0 darwin/arm64,internal/strconv/decimal_test.go,approved,
GOROOT,go version go1.27.0 darwin/arm64,internal/strconv/export_test.go,approved,
GOROOT,go version go1.27.0 darwin/arm64,internal/strconv/fp_test.go,approved,
GOROOT,go version go1.27.0 darwin/arm64,internal/strconv/ftoa_test.go,approved,
GOROOT,go version go1.27.0 darwin/arm64,internal/strconv/import_test.go,approved,
GOROOT,go version go1.27.0 darwin/arm64,internal/strconv/itoa_test.go,approved,
GOROOT,go version go1.27.0 darwin/arm64,internal/strconv/math_test.go,approved,
GOROOT,go version go1.27.0 darwin/arm64,internal/sync/export_test.go,approved,
GOROOT,go version go1.27.0 darwin/arm64,internal/sync/hashtriemap_bench_test.go,approved,
GOROOT,go version go1.27.0 darwin/arm64,internal/sync/hashtriemap_test.go,approved,
GOROOT,go version go1.27.0 darwin/arm64,internal/synctest/synctest_test.go,rejected,test integrity violation: t.Run subtest has no reachable assertions
GOROOT,go version go1.27.0 darwin/arm64,internal/syscall/unix/fchmodat_test.go,approved,
GOROOT,go version go1.27.0 darwin/arm64,internal/syscall/unix/getrandom_linux_test.go,approved,
GOROOT,go version go1.27.0 darwin/arm64,internal/syscall/unix/kernel_version_freebsd_test.go,approved,
GOROOT,go version go1.27.0 darwin/arm64,internal/syscall/unix/kernel_version_ge_test.go,approved,
GOROOT,go version go1.27.0 darwin/arm64,internal/syscall/unix/kernel_version_solaris_test.go,approved,
GOROOT,go version go1.27.0 darwin/arm64,internal/syscall/unix/siginfo_linux_test.go,approved,
GOROOT,go version go1.27.0 darwin/arm64,internal/syscall/windows/at_windows_test.go,approved,
GOROOT,go version go1.27.0 darwin/arm64,internal/syscall/windows/exec_windows_test.go,approved,
GOROOT,go version go1.27.0 darwin/arm64,internal/syscall/windows/registry/export_test.go,approved,
GOROOT,go version go1.27.0 darwin/arm64,internal/syscall/windows/registry/registry_test.go,approved,
GOROOT,go version go1.27.0 darwin/arm64,internal/syscall/windows/string_windows_test.go,approved,
GOROOT,go version go1.27.0 darwin/arm64,internal/syscall/windows/syscall_windows_test.go,approved,
GOROOT,go version go1.27.0 darwin/arm64,internal/syscall/windows/version_windows_test.go,approved,
GOROOT,go version go1.27.0 darwin/arm64,internal/sysinfo/export_test.go,approved,
GOROOT,go version go1.27.0 darwin/arm64,internal/sysinfo/sysinfo_test.go,rejected,test integrity violation: test TestCPUName has no reachable assertions
GOROOT,go version go1.27.0 darwin/arm64,internal/testenv/testenv_test.go,approved,
GOROOT,go version go1.27.0 darwin/arm64,internal/trace/batchcursor_test.go,approved,
GOROOT,go version go1.27.0 darwin/arm64,internal/trace/event_test.go,approved,
GOROOT,go version go1.27.0 darwin/arm64,internal/trace/export_reader_test.go,approved,
GOROOT,go version go1.27.0 darwin/arm64,internal/trace/export_test.go,approved,
GOROOT,go version go1.27.0 darwin/arm64,internal/trace/gc_test.go,approved,
GOROOT,go version go1.27.0 darwin/arm64,internal/trace/internal/tracev1/parser_test.go,approved,
GOROOT,go version go1.27.0 darwin/arm64,internal/trace/mud_test.go,approved,
GOROOT,go version go1.27.0 darwin/arm64,internal/trace/order_test.go,approved,
GOROOT,go version go1.27.0 darwin/arm64,internal/trace/reader_test.go,approved,
GOROOT,go version go1.27.0 darwin/arm64,internal/trace/summary_test.go,approved,
GOROOT,go version go1.27.0 darwin/arm64,internal/trace/testtrace/helpers_test.go,approved,
GOROOT,go version go1.27.0 darwin/arm64,internal/trace/trace_test.go,approved,
GOROOT,go version go1.27.0 darwin/arm64,internal/trace/tracev1_test.go,approved,
GOROOT,go version go1.27.0 darwin/arm64,internal/trace/tracev2/events_test.go,approved,
GOROOT,go version go1.27.0 darwin/arm64,internal/types/errors/codes_test.go,approved,
GOROOT,go version go1.27.0 darwin/arm64,internal/unsafeheader/unsafeheader_test.go,approved,
GOROOT,go version go1.27.0 darwin/arm64,internal/xcoff/ar_test.go,approved,
GOROOT,go version go1.27.0 darwin/arm64,internal/xcoff/file_test.go,approved,
GOROOT,go version go1.27.0 darwin/arm64,internal/zstd/fse_test.go,approved,
GOROOT,go version go1.27.0 darwin/arm64,internal/zstd/fuzz_test.go,approved,
GOROOT,go version go1.27.0 darwin/arm64,internal/zstd/window_test.go,approved,
GOROOT,go version go1.27.0 darwin/arm64,internal/zstd/xxhash_test.go,approved,
GOROOT,go version go1.27.0 darwin/arm64,internal/zstd/zstd_test.go,approved,
GOROOT,go version go1.27.0 darwin/arm64,io/example_test.go,approved,
GOROOT,go version go1.27.0 darwin/arm64,io/export_test.go,approved,
GOROOT,go version go1.27.0 darwin/arm64,io/fs/example_test.go,approved,
GOROOT,go version go1.27.0 darwin/arm64,io/fs/format_test.go,approved,
GOROOT,go version go1.27.0 darwin/arm64,io/fs/fs_test.go,approved,
GOROOT,go version go1.27.0 darwin/arm64,io/fs/glob_test.go,approved,
GOROOT,go version go1.27.0 darwin/arm64,io/fs/readdir_test.go,approved,
GOROOT,go version go1.27.0 darwin/arm64,io/fs/readfile_test.go,approved,
GOROOT,go version go1.27.0 darwin/arm64,io/fs/readlink_test.go,approved,
GOROOT,go version go1.27.0 darwin/arm64,io/fs/stat_test.go,approved,
GOROOT,go version go1.27.0 darwin/arm64,io/fs/sub_test.go,approved,
GOROOT,go version go1.27.0 darwin/arm64,io/fs/walk_test.go,approved,
GOROOT,go version go1.27.0 darwin/arm64,io/io_test.go,approved,
GOROOT,go version go1.27.0 darwin/arm64,io/ioutil/example_test.go,approved,
GOROOT,go version go1.27.0 darwin/arm64,io/ioutil/ioutil_test.go,approved,
GOROOT,go version go1.27.0 darwin/arm64,io/ioutil/tempfile_test.go,approved,
GOROOT,go version go1.27.0 darwin/arm64,io/multi_test.go,approved,
GOROOT,go version go1.27.0 darwin/arm64,io/pipe_test.go,approved,
GOROOT,go version go1.27.0 darwin/arm64,iter/pull_test.go,approved,
GOROOT,go version go1.27.0 darwin/arm64,log/example_test.go,approved,
GOROOT,go version go1.27.0 darwin/arm64,log/log_test.go,approved,
GOROOT,go version go1.27.0 darwin/arm64,log/slog/attr_test.go,approved,
GOROOT,go version go1.27.0 darwin/arm64,log/slog/example_custom_levels_test.go,approved,
GOROOT,go version go1.27.0 darwin/arm64,log/slog/example_discard_test.go,approved,
GOROOT,go version go1.27.0 darwin/arm64,log/slog/example_level_handler_test.go,approved,
GOROOT,go version go1.27.0 darwin/arm64,log/slog/example_log_level_test.go,approved,
GOROOT,go version go1.27.0 darwin/arm64,log/slog/example_logvaluer_group_test.go,approved,
GOROOT,go version go1.27.0 darwin/arm64,log/slog/example_logvaluer_secret_test.go,approved,
GOROOT,go version go1.27.0 darwin/arm64,log/slog/example_multi_handler_test.go,approved,
GOROOT,go version go1.27.0 darwin/arm64,log/slog/example_test.go,approved,
GOROOT,go version go1.27.0 darwin/arm64,log/slog/example_wrap_test.go,approved,
GOROOT,go version go1.27.0 darwin/arm64,log/slog/handler_test.go,approved,
GOROOT,go version go1.27.0 darwin/arm64,log/slog/internal/benchmarks/benchmarks_test.go,approved,
GOROOT,go version go1.27.0 darwin/arm64,log/slog/internal/benchmarks/handlers_test.go,approved,
GOROOT,go version go1.27.0 darwin/arm64,log/slog/internal/buffer/buffer_test.go,approved,
GOROOT,go version go1.27.0 darwin/arm64,log/slog/json_handler_test.go,approved,
GOROOT,go version go1.27.0 darwin/arm64,log/slog/level_test.go,approved,
GOROOT,go version go1.27.0 darwin/arm64,log/slog/logger_test.go,approved,
GOROOT,go version go1.27.0 darwin/arm64,log/slog/multi_handler_test.go,approved,
GOROOT,go version go1.27.0 darwin/arm64,log/slog/record_test.go,approved,
GOROOT,go version go1.27.0 darwin/arm64,log/slog/slogtest_test.go,approved,
GOROOT,go version go1.27.0 darwin/arm64,log/slog/text_handler_test.go,approved,
GOROOT,go version go1.27.0 darwin/arm64,log/slog/value_access_benchmark_test.go,approved,
GOROOT,go version go1.27.0 darwin/arm64,log/slog/value_test.go,approved,
GOROOT,go version go1.27.0 darwin/arm64,log/syslog/example_test.go,approved,
GOROOT,go version go1.27.0 darwin/arm64,log/syslog/syslog_test.go,approved,
GOROOT,go version go1.27.0 darwin/arm64,maps/example_test.go,approved,
GOROOT,go version go1.27.0 darwin/arm64,maps/iter_test.go,approved,
GOROOT,go version go1.27.0 darwin/arm64,maps/maps_test.go,approved,
GOROOT,go version go1.27.0 darwin/arm64,math/all_test.go,approved,
GOROOT,go version go1.27.0 darwin/arm64,math/arith_s390x_test.go,approved,
GOROOT,go version go1.27.0 darwin/arm64,math/big/alias_test.go,approved,
GOROOT,go version go1.27.0 darwin/arm64,math/big/arith_amd64_test.go,approved,
GOROOT,go version go1.27.0 darwin/arm64,math/big/arith_s390x_test.go,approved,
GOROOT,go version go1.27.0 darwin/arm64,math/big/arith_test.go,approved,
GOROOT,go version go1.27.0 darwin/arm64,math/big/bits_test.go,approved,
GOROOT,go version go1.27.0 darwin/arm64,math/big/calibrate_test.go,approved,
GOROOT,go version go1.27.0 darwin/arm64,math/big/decimal_test.go,approved,
GOROOT,go version go1.27.0 darwin/arm64,math/big/escape_test.go,approved,
GOROOT,go version go1.27.0 darwin/arm64,math/big/example_rat_test.go,approved,
GOROOT,go version go1.27.0 darwin/arm64,math/big/example_test.go,approved,
GOROOT,go version go1.27.0 darwin/arm64,math/big/float_test.go,approved,
GOROOT,go version go1.27.0 darwin/arm64,math/big/floatconv_test.go,approved,
GOROOT,go version go1.27.0 darwin/arm64,math/big/floatexample_test.go,approved,
GOROOT,go version go1.27.0 darwin/arm64,math/big/floatmarsh_test.go,approved,
GOROOT,go version go1.27.0 darwin/arm64,math/big/gcd_test.go,approved,
GOROOT,go version go1.27.0 darwin/arm64,math/big/hilbert_test.go,approved,
GOROOT,go version go1.27.0 darwin/arm64,math/big/int_test.go,approved,
GOROOT,go version go1.27.0 darwin/arm64,math/big/intconv_test.go,approved,
GOROOT,go version go1.27.0 darwin/arm64,math/big/internal/asmgen/main_test.go,approved,
GOROOT,go version go1.27.0 darwin/arm64,math/big/intmarsh_test.go,approved,
GOROOT,go version go1.27.0 darwin/arm64,math/big/link_test.go,approved,
GOROOT,go version go1.27.0 darwin/arm64,math/big/nat_test.go,approved,
GOROOT,go version go1.27.0 darwin/arm64,math/big/natconv_test.go,approved,
GOROOT,go version go1.27.0 darwin/arm64,math/big/prime_test.go,approved,
GOROOT,go version go1.27.0 darwin/arm64,math/big/rat_test.go,approved,
GOROOT,go version go1.27.0 darwin/arm64,math/big/ratconv_test.go,approved,
GOROOT,go version go1.27.0 darwin/arm64,math/big/ratmarsh_test.go,approved,
GOROOT,go version go1.27.0 darwin/arm64,math/big/sqrt_test.go,approved,
GOROOT,go version go1.27.0 darwin/arm64,math/bits/bits_test.go,approved,
GOROOT,go version go1.27.0 darwin/arm64,math/bits/example_math_test.go,approved,
GOROOT,go version go1.27.0 darwin/arm64,math/bits/example_test.go,approved,
GOROOT,go version go1.27.0 darwin/arm64,math/bits/export_test.go,approved,
GOROOT,go version go1.27.0 darwin/arm64,math/cmplx/cmath_test.go,approved,
GOROOT,go version go1.27.0 darwin/arm64,math/cmplx/example_test.go,approved,
GOROOT,go version go1.27.0 darwin/arm64,math/cmplx/huge_test.go,approved,
GOROOT,go version go1.27.0 darwin/arm64,math/const_test.go,approved,
GOROOT,go version go1.27.0 darwin/arm64,math/example_test.go,approved,
GOROOT,go version go1.27.0 darwin/arm64,math/export_s390x_test.go,approved,
GOROOT,go version go1.27.0 darwin/arm64,math/export_test.go,approved,
GOROOT,go version go1.27.0 darwin/arm64,math/huge_test.go,approved,
GOROOT,go version go1.27.0 darwin/arm64,math/rand/auto_test.go,approved,
GOROOT,go version go1.27.0 darwin/arm64,math/rand/default_test.go,approved,
GOROOT,go version go1.27.0 darwin/arm64,math/rand/example_test.go,approved,
GOROOT,go version go1.27.0 darwin/arm64,math/rand/export_test.go,approved,
GOROOT,go version go1.27.0 darwin/arm64,math/rand/race_test.go,approved,
GOROOT,go version go1.27.0 darwin/arm64,math/rand/rand_test.go,approved,
GOROOT,go version go1.27.0 darwin/arm64,math/rand/regress_test.go,approved,
GOROOT,go version go1.27.0 darwin/arm64,math/rand/v2/auto_test.go,approved,
GOROOT,go version go1.27.0 darwin/arm64,math/rand/v2/chacha8_test.go,approved,
GOROOT,go version go1.27.0 darwin/arm64,math/rand/v2/example_test.go,approved,
GOROOT,go version go1.27.0 darwin/arm64,math/rand/v2/export_test.go,approved,
GOROOT,go version go1.27.0 darwin/arm64,math/rand/v2/pcg_test.go,approved,
GOROOT,go version go1.27.0 darwin/arm64,math/rand/v2/race_test.go,approved,
GOROOT,go version go1.27.0 darwin/arm64,math/rand/v2/rand_test.go,approved,
GOROOT,go version go1.27.0 darwin/arm64,math/rand/v2/regress_test.go,approved,
GOROOT,go version go1.27.0 darwin/arm64,mime/encodedword_test.go,approved,
GOROOT,go version go1.27.0 darwin/arm64,mime/example_test.go,approved,
GOROOT,go version go1.27.0 darwin/arm64,mime/mediatype_test.go,approved,
GOROOT,go version go1.27.0 darwin/arm64,mime/multipart/example_test.go,approved,
GOROOT,go version go1.27.0 darwin/arm64,mime/multipart/formdata_test.go,approved,
GOROOT,go version go1.27.0 darwin/arm64,mime/multipart/multipart_test.go,approved,
GOROOT,go version go1.27.0 darwin/arm64,mime/multipart/writer_test.go,approved,
GOROOT,go version go1.27.0 darwin/arm64,mime/quotedprintable/example_test.go,approved,
GOROOT,go version go1.27.0 darwin/arm64,mime/quotedprintable/reader_test.go,approved,
GOROOT,go version go1.27.0 darwin/arm64,mime/quotedprintable/writer_test.go,approved,
GOROOT,go version go1.27.0 darwin/arm64,mime/type_test.go,approved,
GOROOT,go version go1.27.0 darwin/arm64,mime/type_unix_test.go,approved,
GOROOT,go version go1.27.0 darwin/arm64,net/addrselect_test.go,approved,
GOROOT,go version go1.27.0 darwin/arm64,net/cgo_unix_test.go,approved,
GOROOT,go version go1.27.0 darwin/arm64,net/conf_test.go,rejected,test integrity violation: test TestSystemConf has no reachable assertions
GOROOT,go version go1.27.0 darwin/arm64,net/conn_test.go,approved,
GOROOT,go version go1.27.0 darwin/arm64,net/dial_test.go,approved,
GOROOT,go version go1.27.0 darwin/arm64,net/dial_unix_test.go,approved,
GOROOT,go version go1.27.0 darwin/arm64,net/dnsclient_test.go,approved,
GOROOT,go version go1.27.0 darwin/arm64,net/dnsclient_unix_test.go,approved,
GOROOT,go version go1.27.0 darwin/arm64,net/dnsconfig_unix_test.go,approved,
GOROOT,go version go1.27.0 darwin/arm64,net/dnsname_test.go,approved,
GOROOT,go version go1.27.0 darwin/arm64,net/error_plan9_test.go,approved,
GOROOT,go version go1.27.0 darwin/arm64,net/error_posix_test.go,approved,
GOROOT,go version go1.27.0 darwin/arm64,net/error_test.go,approved,
GOROOT,go version go1.27.0 darwin/arm64,net/error_unix_test.go,approved,
GOROOT,go version go1.27.0 darwin/arm64,net/error_windows_test.go,approved,
GOROOT,go version go1.27.0 darwin/arm64,net/example_test.go,approved,
GOROOT,go version go1.27.0 darwin/arm64,net/external_test.go,approved,
GOROOT,go version go1.27.0 darwin/arm64,net/file_test.go,approved,
GOROOT,go version go1.27.0 darwin/arm64,net/file_unix_test.go,approved,
GOROOT,go version go1.27.0 darwin/arm64,net/file_wasip1_test.go,approved,
GOROOT,go version go1.27.0 darwin/arm64,net/hosts_test.go,approved,
GOROOT,go version go1.27.0 darwin/arm64,net/http/alpn_test.go,approved,
GOROOT,go version go1.27.0 darwin/arm64,net/http/async_test.go,approved,
GOROOT,go version go1.27.0 darwin/arm64,net/http/cgi/child_test.go,approved,
GOROOT,go version go1.27.0 darwin/arm64,net/http/cgi/host_test.go,approved,
GOROOT,go version go1.27.0 darwin/arm64,net/http/cgi/integration_test.go,approved,
GOROOT,go version go1.27.0 darwin/arm64,net/http/client_test.go,approved,
GOROOT,go version go1.27.0 darwin/arm64,net/http/clientconn_test.go,approved,
GOROOT,go version go1.27.0 darwin/arm64,net/http/clientserver_test.go,approved,
GOROOT,go version go1.27.0 darwin/arm64,net/http/cookie_test.go,approved,
GOROOT,go version go1.27.0 darwin/arm64,net/http/cookiejar/dummy_publicsuffix_test.go,approved,
GOROOT,go version go1.27.0 darwin/arm64,net/http/cookiejar/example_test.go,approved,
GOROOT,go version go1.27.0 darwin/arm64,net/http/cookiejar/jar_test.go,approved,
GOROOT,go version go1.27.0 darwin/arm64,net/http/cookiejar/punycode_test.go,approved,
GOROOT,go version go1.27.0 darwin/arm64,net/http/csrf_test.go,approved,
GOROOT,go version go1.27.0 darwin/arm64,net/http/example_filesystem_test.go,approved,
GOROOT,go version go1.27.0 darwin/arm64,net/http/example_handle_test.go,approved,
GOROOT,go version go1.27.0 darwin/arm64,net/http/example_test.go,approved,
GOROOT,go version go1.27.0 darwin/arm64,net/http/export_test.go,approved,
GOROOT,go version go1.27.0 darwin/arm64,net/http/fcgi/fcgi_test.go,approved,
GOROOT,go version go1.27.0 darwin/arm64,net/http/filetransport_test.go,approved,
GOROOT,go version go1.27.0 darwin/arm64,net/http/fs_test.go,approved,
GOROOT,go version go1.27.0 darwin/arm64,net/http/h2_error_test.go,approved,
GOROOT,go version go1.27.0 darwin/arm64,net/http/header_test.go,approved,
GOROOT,go version go1.27.0 darwin/arm64,net/http/http1_server_test.go,approved,
GOROOT,go version go1.27.0 darwin/arm64,net/http/http_test.go,approved,
GOROOT,go version go1.27.0 darwin/arm64,net/http/httptest/example_test.go,approved,
GOROOT,go version go1.27.0 darwin/arm64,net/http/httptest/httptest_test.go,approved,
GOROOT,go version go1.27.0 darwin/arm64,net/http/httptest/recorder_test.go,approved,
GOROOT,go version go1.27.0 darwin/arm64,net/http/httptest/server_test.go,approved,
GOROOT,go version go1.27.0 darwin/arm64,net/http/httptrace/example_test.go,approved,
GOROOT,go version go1.27.0 darwin/arm64,net/http/httptrace/trace_test.go,approved,
GOROOT,go version go1.27.0 darwin/arm64,net/http/httputil/dump_test.go,approved,
GOROOT,go version go1.27.0 darwin/arm64,net/http/httputil/example_test.go,approved,
GOROOT,go version go1.27.0 darwin/arm64,net/http/httputil/reverseproxy_test.go,approved,
GOROOT,go version go1.27.0 darwin/arm64,net/http/internal/ascii/print_test.go,approved,
GOROOT,go version go1.27.0 darwin/arm64,net/http/internal/chunked_test.go,approved,
GOROOT,go version go1.27.0 darwin/arm64,net/http/internal/http2/ascii_test.go,approved,
GOROOT,go version go1.27.0 darwin/arm64,net/http/internal/http2/ciphers_test.go,approved,
GOROOT,go version go1.27.0 darwin/arm64,net/http/internal/http2/clientconn_test.go,approved,
GOROOT,go version go1.27.0 darwin/arm64,net/http/internal/http2/config_test.go,approved,
GOROOT,go version go1.27.0 darwin/arm64,net/http/internal/http2/connframes_test.go,approved,
GOROOT,go version go1.27.0 darwin/arm64,net/http/internal/http2/databuffer_test.go,approved,
GOROOT,go version go1.27.0 darwin/arm64,net/http/internal/http2/errors_test.go,approved,
GOROOT,go version go1.27.0 darwin/arm64,net/http/internal/http2/export_test.go,rejected,test integrity violation: early return at top of test function TestHPACKEncoder in net/http/internal/http2/export_test.go
GOROOT,go version go1.27.0 darwin/arm64,net/http/internal/http2/flow_test.go,approved,
GOROOT,go version go1.27.0 darwin/arm64,net/http/internal/http2/frame_test.go,approved,
GOROOT,go version go1.27.0 darwin/arm64,net/http/internal/http2/gotrack_test.go,approved,
GOROOT,go version go1.27.0 darwin/arm64,net/http/internal/http2/http2_test.go,approved,
GOROOT,go version go1.27.0 darwin/arm64,net/http/internal/http2/netconn_test.go,approved,
GOROOT,go version go1.27.0 darwin/arm64,net/http/internal/http2/pipe_test.go,approved,
GOROOT,go version go1.27.0 darwin/arm64,net/http/internal/http2/server_internal_test.go,approved,
GOROOT,go version go1.27.0 darwin/arm64,net/http/internal/http2/server_push_test.go,approved,
GOROOT,go version go1.27.0 darwin/arm64,net/http/internal/http2/server_test.go,approved,
GOROOT,go version go1.27.0 darwin/arm64,net/http/internal/http2/synctest_test.go,approved,
GOROOT,go version go1.27.0 darwin/arm64,net/http/internal/http2/transport_internal_test.go,approved,
GOROOT,go version go1.27.0 darwin/arm64,net/http/internal/http2/transport_test.go,rejected,test integrity violation: test TestTransportFailureErrorForHTTP1Response has no reachable assertions
GOROOT,go version go1.27.0 darwin/arm64,net/http/internal/http2/writesched_benchmarks_test.go,approved,
GOROOT,go version go1.27.0 darwin/arm64,net/http/internal/http2/writesched_priority_rfc9218_test.go,approved,
GOROOT,go version go1.27.0 darwin/arm64,net/http/internal/http2/writesched_roundrobin_test.go,approved,
GOROOT,go version go1.27.0 darwin/arm64,net/http/internal/http2/writesched_test.go,approved,
GOROOT,go version go1.27.0 darwin/arm64,net/http/main_test.go,approved,
GOROOT,go version go1.27.0 darwin/arm64,net/http/mapping_test.go,approved,
GOROOT,go version go1.27.0 darwin/arm64,net/http/netconn_test.go,approved,
GOROOT,go version go1.27.0 darwin/arm64,net/http/pattern_test.go,approved,
GOROOT,go version go1.27.0 darwin/arm64,net/http/pprof/pprof_test.go,approved,
GOROOT,go version go1.27.0 darwin/arm64,net/http/proxy_test.go,approved,
GOROOT,go version go1.27.0 darwin/arm64,net/http/range_test.go,approved,
GOROOT,go version go1.27.0 darwin/arm64,net/http/readrequest_test.go,approved,
GOROOT,go version go1.27.0 darwin/arm64,net/http/request_test.go,approved,
GOROOT,go version go1.27.0 darwin/arm64,net/http/requestwrite_test.go,approved,
GOROOT,go version go1.27.0 darwin/arm64,net/http/response_test.go,approved,
GOROOT,go version go1.27.0 darwin/arm64,net/http/responsecontroller_test.go,approved,
GOROOT,go version go1.27.0 darwin/arm64,net/http/responsewrite_test.go,approved,
GOROOT,go version go1.27.0 darwin/arm64,net/http/routing_index_test.go,approved,
GOROOT,go version go1.27.0 darwin/arm64,net/http/routing_tree_test.go,approved,
GOROOT,go version go1.27.0 darwin/arm64,net/http/serve_test.go,rejected,test integrity violation: test TestServerListenNotComparableListener has no reachable assertions
GOROOT,go version go1.27.0 darwin/arm64,net/http/server_test.go,approved,
GOROOT,go version go1.27.0 darwin/arm64,net/http/sniff_test.go,approved,
GOROOT,go version go1.27.0 darwin/arm64,net/http/transfer_test.go,approved,
GOROOT,go version go1.27.0 darwin/arm64,net/http/transport_dial_test.go,rejected,test integrity violation: test TestTransportPoolConnHTTP2StrictMaxConcurrentRequests has no reachable assertions
GOROOT,go version go1.27.0 darwin/arm64,net/http/transport_internal_test.go,approved,
GOROOT,go version go1.27.0 darwin/arm64,net/http/transport_test.go,approved,
GOROOT,go version go1.27.0 darwin/arm64,net/interface_bsd_test.go,approved,
GOROOT,go version go1.27.0 darwin/arm64,net/interface_linux_test.go,approved,
GOROOT,go version go1.27.0 darwin/arm64,net/interface_test.go,approved,
GOROOT,go version go1.27.0 darwin/arm64,net/interface_unix_test.go,approved,
GOROOT,go version go1.27.0 darwin/arm64,net/internal/cgotest/empty_test.go,rejected,test integrity violation: gutted test function with early return: func Test(t *testing.T) {
GOROOT,go version go1.27.0 darwin/arm64,net/internal/socktest/main_test.go,rejected,test integrity violation: test TestSocket has no reachable assertions
GOROOT,go version go1.27.0 darwin/arm64,net/internal/socktest/main_unix_test.go,approved,
GOROOT,go version go1.27.0 darwin/arm64,net/ip_test.go,approved,
GOROOT,go version go1.27.0 darwin/arm64,net/iprawsock_test.go,approved,
GOROOT,go version go1.27.0 darwin/arm64,net/ipsock_plan9_test.go,approved,
GOROOT,go version go1.27.0 darwin/arm64,net/ipsock_test.go,approved,
GOROOT,go version go1.27.0 darwin/arm64,net/listen_test.go,approved,
GOROOT,go version go1.27.0 darwin/arm64,net/lookup_test.go,approved,
GOROOT,go version go1.27.0 darwin/arm64,net/lookup_windows_test.go,approved,
GOROOT,go version go1.27.0 darwin/arm64,net/mac_test.go,approved,
GOROOT,go version go1.27.0 darwin/arm64,net/mail/example_test.go,approved,
GOROOT,go version go1.27.0 darwin/arm64,net/mail/message_test.go,approved,
GOROOT,go version go1.27.0 darwin/arm64,net/main_cloexec_test.go,approved,
GOROOT,go version go1.27.0 darwin/arm64,net/main_conf_test.go,approved,
GOROOT,go version go1.27.0 darwin/arm64,net/main_plan9_test.go,approved,
GOROOT,go version go1.27.0 darwin/arm64,net/main_posix_test.go,approved,
GOROOT,go version go1.27.0 darwin/arm64,net/main_test.go,approved,
GOROOT,go version go1.27.0 darwin/arm64,net/main_unix_test.go,approved,
GOROOT,go version go1.27.0 darwin/arm64,net/main_wasm_test.go,approved,
GOROOT,go version go1.27.0 darwin/arm64,net/main_windows_test.go,approved,
GOROOT,go version go1.27.0 darwin/arm64,net/mockserver_test.go,approved,
GOROOT,go version go1.27.0 darwin/arm64,net/mptcpsock_linux_test.go,approved,
GOROOT,go version go1.27.0 darwin/arm64,net/net_fake_test.go,approved,
GOROOT,go version go1.27.0 darwin/arm64,net/net_test.go,rejected,"test integrity violation: environment/OS/arch-gated early return detected (runtime.GOOS == ""plan9"")"
GOROOT,go version go1.27.0 darwin/arm64,net/net_windows_test.go,approved,
GOROOT,go version go1.27.0 darwin/arm64,net/netip/export_test.go,approved,
GOROOT,go version go1.27.0 darwin/arm64,net/netip/fuzz_test.go,approved,
GOROOT,go version go1.27.0 darwin/arm64,net/netip/inlining_test.go,approved,
GOROOT,go version go1.27.0 darwin/arm64,net/netip/netip_pkg_test.go,approved,
GOROOT,go version go1.27.0 darwin/arm64,net/netip/netip_test.go,approved,
GOROOT,go version go1.27.0 darwin/arm64,net/netip/slow_test.go,approved,
GOROOT,go version go1.27.0 darwin/arm64,net/netip/uint128_test.go,approved,
GOROOT,go version go1.27.0 darwin/arm64,net/nss_test.go,approved,
GOROOT,go version go1.27.0 darwin/arm64,net/packetconn_test.go,approved,
GOROOT,go version go1.27.0 darwin/arm64,net/parse_test.go,approved,
GOROOT,go version go1.27.0 darwin/arm64,net/pipe_test.go,approved,
GOROOT,go version go1.27.0 darwin/arm64,net/platform_plan9_test.go,approved,
GOROOT,go version go1.27.0 darwin/arm64,net/platform_test.go,approved,
GOROOT,go version go1.27.0 darwin/arm64,net/platform_unix_test.go,approved,
GOROOT,go version go1.27.0 darwin/arm64,net/platform_windows_test.go,approved,
GOROOT,go version go1.27.0 darwin/arm64,net/port_test.go,approved,
GOROOT,go version go1.27.0 darwin/arm64,net/protoconn_test.go,approved,
GOROOT,go version go1.27.0 darwin/arm64,net/rawconn_stub_test.go,approved,
GOROOT,go version go1.27.0 darwin/arm64,net/rawconn_test.go,approved,
GOROOT,go version go1.27.0 darwin/arm64,net/rawconn_unix_test.go,approved,
GOROOT,go version go1.27.0 darwin/arm64,net/rawconn_windows_test.go,approved,
GOROOT,go version go1.27.0 darwin/arm64,net/resolverdialfunc_test.go,approved,
GOROOT,go version go1.27.0 darwin/arm64,net/rpc/client_test.go,approved,
GOROOT,go version go1.27.0 darwin/arm64,net/rpc/jsonrpc/all_test.go,rejected,test integrity violation: errgroup.Go without Wait() uncoordinated execution detected in test TestClient
GOROOT,go version go1.27.0 darwin/arm64,net/rpc/server_test.go,rejected,test integrity violation: errgroup.Go without Wait() uncoordinated execution detected in test TestShutdown
GOROOT,go version go1.27.0 darwin/arm64,net/sendfile_test.go,approved,
GOROOT,go version go1.27.0 darwin/arm64,net/sendfile_unix_test.go,approved,
GOROOT,go version go1.27.0 darwin/arm64,net/server_test.go,approved,
GOROOT,go version go1.27.0 darwin/arm64,net/smtp/example_test.go,approved,
GOROOT,go version go1.27.0 darwin/arm64,net/smtp/smtp_test.go,approved,
GOROOT,go version go1.27.0 darwin/arm64,net/sock_linux_test.go,approved,
GOROOT,go version go1.27.0 darwin/arm64,net/splice_linux_test.go,approved,
GOROOT,go version go1.27.0 darwin/arm64,net/tcpconn_keepalive_conf_darwin_test.go,approved,
GOROOT,go version go1.27.0 darwin/arm64,net/tcpconn_keepalive_conf_posix_test.go,approved,
GOROOT,go version go1.27.0 darwin/arm64,net/tcpconn_keepalive_conf_solaris_test.go,approved,
GOROOT,go version go1.27.0 darwin/arm64,net/tcpconn_keepalive_conf_unix_test.go,approved,
GOROOT,go version go1.27.0 darwin/arm64,net/tcpconn_keepalive_conf_windows_test.go,approved,
GOROOT,go version go1.27.0 darwin/arm64,net/tcpconn_keepalive_illumos_test.go,approved,
GOROOT,go version go1.27.0 darwin/arm64,net/tcpconn_keepalive_posix_test.go,approved,
GOROOT,go version go1.27.0 darwin/arm64,net/tcpconn_keepalive_solaris_test.go,approved,
GOROOT,go version go1.27.0 darwin/arm64,net/tcpconn_keepalive_test.go,approved,
GOROOT,go version go1.27.0 darwin/arm64,net/tcpsock_test.go,approved,
GOROOT,go version go1.27.0 darwin/arm64,net/tcpsock_unix_test.go,approved,
GOROOT,go version go1.27.0 darwin/arm64,net/textproto/header_test.go,approved,
GOROOT,go version go1.27.0 darwin/arm64,net/textproto/reader_test.go,approved,
GOROOT,go version go1.27.0 darwin/arm64,net/textproto/writer_test.go,approved,
GOROOT,go version go1.27.0 darwin/arm64,net/timeout_test.go,approved,
GOROOT,go version go1.27.0 darwin/arm64,net/udpsock_plan9_test.go,approved,
GOROOT,go version go1.27.0 darwin/arm64,net/udpsock_test.go,approved,
GOROOT,go version go1.27.0 darwin/arm64,net/unixsock_linux_test.go,approved,
GOROOT,go version go1.27.0 darwin/arm64,net/unixsock_readmsg_test.go,approved,
GOROOT,go version go1.27.0 darwin/arm64,net/unixsock_test.go,approved,
GOROOT,go version go1.27.0 darwin/arm64,net/unixsock_windows_test.go,approved,
GOROOT,go version go1.27.0 darwin/arm64,net/url/example_test.go,approved,
GOROOT,go version go1.27.0 darwin/arm64,net/url/url_test.go,approved,
GOROOT,go version go1.27.0 darwin/arm64,net/write_unix_test.go,approved,
GOROOT,go version go1.27.0 darwin/arm64,net/writev_test.go,approved,
GOROOT,go version go1.27.0 darwin/arm64,os/copy_test.go,approved,
GOROOT,go version go1.27.0 darwin/arm64,os/env_test.go,approved,
GOROOT,go version go1.27.0 darwin/arm64,os/env_unix_test.go,approved,
GOROOT,go version go1.27.0 darwin/arm64,os/error_test.go,approved,
GOROOT,go version go1.27.0 darwin/arm64,os/error_unix_test.go,approved,
GOROOT,go version go1.27.0 darwin/arm64,os/error_windows_test.go,approved,
GOROOT,go version go1.27.0 darwin/arm64,os/example_other_test.go,approved,
GOROOT,go version go1.27.0 darwin/arm64,os/example_test.go,approved,
GOROOT,go version go1.27.0 darwin/arm64,os/example_windows_test.go,approved,
GOROOT,go version go1.27.0 darwin/arm64,os/exec/bench_test.go,approved,
GOROOT,go version go1.27.0 darwin/arm64,os/exec/dot_test.go,approved,
GOROOT,go version go1.27.0 darwin/arm64,os/exec/env_test.go,approved,
GOROOT,go version go1.27.0 darwin/arm64,os/exec/example_test.go,rejected,"AST Taboo Violation: forbidden shell interpreter invocation via exec.Command(""sh"")"
GOROOT,go version go1.27.0 darwin/arm64,os/exec/exec_linux_test.go,approved,
GOROOT,go version go1.27.0 darwin/arm64,os/exec/exec_other_test.go,approved,
GOROOT,go version go1.27.0 darwin/arm64,os/exec/exec_posix_test.go,approved,
GOROOT,go version go1.27.0 darwin/arm64,os/exec/exec_test.go,approved,
GOROOT,go version go1.27.0 darwin/arm64,os/exec/exec_unix_test.go,approved,
GOROOT,go version go1.27.0 darwin/arm64,os/exec/exec_windows_test.go,approved,
GOROOT,go version go1.27.0 darwin/arm64,os/exec/internal/fdtest/exists_test.go,approved,
GOROOT,go version go1.27.0 darwin/arm64,os/exec/internal_test.go,approved,
GOROOT,go version go1.27.0 darwin/arm64,os/exec/lp_linux_test.go,approved,
GOROOT,go version go1.27.0 darwin/arm64,os/exec/lp_test.go,approved,
GOROOT,go version go1.27.0 darwin/arm64,os/exec/lp_unix_test.go,approved,
GOROOT,go version go1.27.0 darwin/arm64,os/exec/lp_windows_test.go,approved,
GOROOT,go version go1.27.0 darwin/arm64,os/exec_nohandle_test.go,rejected,"test integrity violation: environment/OS/arch-gated early return detected (Getenv(envVar) != """")"
GOROOT,go version go1.27.0 darwin/arm64,os/exec_test.go,approved,
GOROOT,go version go1.27.0 darwin/arm64,os/exec_unix_test.go,approved,
GOROOT,go version go1.27.0 darwin/arm64,os/exec_windows_test.go,rejected,"test integrity violation: environment/OS/arch-gated early return detected (Getenv(envVar) != """")"
GOROOT,go version go1.27.0 darwin/arm64,os/executable_test.go,approved,
GOROOT,go version go1.27.0 darwin/arm64,os/export_freebsd_test.go,approved,
GOROOT,go version go1.27.0 darwin/arm64,os/export_linux_test.go,approved,
GOROOT,go version go1.27.0 darwin/arm64,os/export_test.go,approved,
GOROOT,go version go1.27.0 darwin/arm64,os/export_unix_test.go,approved,
GOROOT,go version go1.27.0 darwin/arm64,os/export_windows_test.go,approved,
GOROOT,go version go1.27.0 darwin/arm64,os/fifo_test.go,approved,
GOROOT,go version go1.27.0 darwin/arm64,os/file_test.go,approved,
GOROOT,go version go1.27.0 darwin/arm64,os/getwd_unix_test.go,approved,
GOROOT,go version go1.27.0 darwin/arm64,os/os_test.go,approved,
GOROOT,go version go1.27.0 darwin/arm64,os/os_unix_test.go,approved,
GOROOT,go version go1.27.0 darwin/arm64,os/os_windows_test.go,approved,
GOROOT,go version go1.27.0 darwin/arm64,os/path_test.go,approved,
GOROOT,go version go1.27.0 darwin/arm64,os/path_windows_test.go,approved,
GOROOT,go version go1.27.0 darwin/arm64,os/pidfd_linux_test.go,rejected,"test integrity violation: environment/OS/arch-gated early return detected (os.Getenv(envVar) != """")"
GOROOT,go version go1.27.0 darwin/arm64,os/pipe_test.go,approved,
GOROOT,go version go1.27.0 darwin/arm64,os/rawconn_test.go,approved,
GOROOT,go version go1.27.0 darwin/arm64,os/read_test.go,approved,
GOROOT,go version go1.27.0 darwin/arm64,os/readfrom_freebsd_test.go,approved,
GOROOT,go version go1.27.0 darwin/arm64,os/readfrom_linux_test.go,approved,
GOROOT,go version go1.27.0 darwin/arm64,os/readfrom_sendfile_test.go,approved,
GOROOT,go version go1.27.0 darwin/arm64,os/readfrom_solaris_test.go,approved,
GOROOT,go version go1.27.0 darwin/arm64,os/readfrom_unix_test.go,approved,
GOROOT,go version go1.27.0 darwin/arm64,os/removeall_test.go,rejected,"test integrity violation: environment/OS/arch-gated early return detected (runtime.GOOS == ""windows"" || runtime.GOOS == ""wasip1"")"
GOROOT,go version go1.27.0 darwin/arm64,os/root_test.go,rejected,"test integrity violation: environment/OS/arch-gated early return detected (runtime.GOOS == ""windows"" && test.root == nil && gotErr != nil)"
GOROOT,go version go1.27.0 darwin/arm64,os/root_unix_test.go,approved,
GOROOT,go version go1.27.0 darwin/arm64,os/root_windows_test.go,approved,
GOROOT,go version go1.27.0 darwin/arm64,os/signal/example_test.go,approved,
GOROOT,go version go1.27.0 darwin/arm64,os/signal/example_unix_test.go,approved,
GOROOT,go version go1.27.0 darwin/arm64,os/signal/signal_cgo_test.go,approved,
GOROOT,go version go1.27.0 darwin/arm64,os/signal/signal_linux_test.go,approved,
GOROOT,go version go1.27.0 darwin/arm64,os/signal/signal_plan9_test.go,approved,
GOROOT,go version go1.27.0 darwin/arm64,os/signal/signal_test.go,rejected,"test integrity violation: environment/OS/arch-gated early return detected (runtime.GOOS == ""darwin"" && strings.Contains(string(out), ""nohup: can't detach from console: Inappropriate ioctl for device""))"
GOROOT,go version go1.27.0 darwin/arm64,os/signal/signal_windows_test.go,approved,
GOROOT,go version go1.27.0 darwin/arm64,os/stat_test.go,approved,
GOROOT,go version go1.27.0 darwin/arm64,os/tempfile_test.go,approved,
GOROOT,go version go1.27.0 darwin/arm64,os/timeout_test.go,approved,
GOROOT,go version go1.27.0 darwin/arm64,os/timeout_unix_test.go,approved,
GOROOT,go version go1.27.0 darwin/arm64,os/timeout_windows_test.go,approved,
GOROOT,go version go1.27.0 darwin/arm64,os/user/cgo_lookup_unix_test.go,approved,
GOROOT,go version go1.27.0 darwin/arm64,os/user/cgo_user_test.go,approved,
GOROOT,go version go1.27.0 darwin/arm64,os/user/listgroups_unix_test.go,approved,
GOROOT,go version go1.27.0 darwin/arm64,os/user/lookup_unix_test.go,approved,
GOROOT,go version go1.27.0 darwin/arm64,os/user/user_test.go,approved,
GOROOT,go version go1.27.0 darwin/arm64,os/user/user_windows_test.go,approved,
GOROOT,go version go1.27.0 darwin/arm64,os/writeto_linux_test.go,approved,
GOROOT,go version go1.27.0 darwin/arm64,path/example_test.go,approved,
GOROOT,go version go1.27.0 darwin/arm64,path/filepath/example_test.go,approved,
GOROOT,go version go1.27.0 darwin/arm64,path/filepath/example_unix_test.go,approved,
GOROOT,go version go1.27.0 darwin/arm64,path/filepath/example_unix_walk_test.go,approved,
GOROOT,go version go1.27.0 darwin/arm64,path/filepath/export_test.go,approved,
GOROOT,go version go1.27.0 darwin/arm64,path/filepath/export_windows_test.go,approved,
GOROOT,go version go1.27.0 darwin/arm64,path/filepath/match_test.go,rejected,test integrity violation: test TestGlobUNC has no reachable assertions
GOROOT,go version go1.27.0 darwin/arm64,path/filepath/path_test.go,rejected,"test integrity violation: environment/OS/arch-gated early return detected (runtime.GOOS != ""windows"")"
GOROOT,go version go1.27.0 darwin/arm64,path/filepath/path_windows_test.go,rejected,test integrity violation: test TestUNC has no reachable assertions
GOROOT,go version go1.27.0 darwin/arm64,path/match_test.go,approved,
GOROOT,go version go1.27.0 darwin/arm64,path/path_test.go,approved,
GOROOT,go version go1.27.0 darwin/arm64,plugin/plugin_test.go,rejected,test integrity violation: test TestPlugin has no reachable assertions
GOROOT,go version go1.27.0 darwin/arm64,reflect/abi_test.go,approved,
GOROOT,go version go1.27.0 darwin/arm64,reflect/all_test.go,rejected,test integrity violation: test TestInternalIsZero has no reachable assertions
GOROOT,go version go1.27.0 darwin/arm64,reflect/benchmark_test.go,approved,
GOROOT,go version go1.27.0 darwin/arm64,reflect/example_test.go,approved,
GOROOT,go version go1.27.0 darwin/arm64,reflect/export_test.go,approved,
GOROOT,go version go1.27.0 darwin/arm64,reflect/iter_test.go,approved,
GOROOT,go version go1.27.0 darwin/arm64,reflect/map_test.go,approved,
GOROOT,go version go1.27.0 darwin/arm64,reflect/nih_test.go,approved,
GOROOT,go version go1.27.0 darwin/arm64,reflect/set_test.go,approved,
GOROOT,go version go1.27.0 darwin/arm64,reflect/tostring_test.go,approved,
GOROOT,go version go1.27.0 darwin/arm64,reflect/type_test.go,approved,
GOROOT,go version go1.27.0 darwin/arm64,reflect/visiblefields_test.go,approved,
GOROOT,go version go1.27.0 darwin/arm64,regexp/all_test.go,approved,
GOROOT,go version go1.27.0 darwin/arm64,regexp/example_test.go,approved,
GOROOT,go version go1.27.0 darwin/arm64,regexp/exec2_test.go,approved,
GOROOT,go version go1.27.0 darwin/arm64,regexp/exec_test.go,approved,
GOROOT,go version go1.27.0 darwin/arm64,regexp/find_test.go,approved,
GOROOT,go version go1.27.0 darwin/arm64,regexp/onepass_test.go,approved,
GOROOT,go version go1.27.0 darwin/arm64,regexp/syntax/parse_test.go,approved,
GOROOT,go version go1.27.0 darwin/arm64,regexp/syntax/prog_test.go,approved,
GOROOT,go version go1.27.0 darwin/arm64,regexp/syntax/simplify_test.go,approved,
GOROOT,go version go1.27.0 darwin/arm64,runtime/_mkmalloc/mkmalloc_test.go,approved,
GOROOT,go version go1.27.0 darwin/arm64,runtime/abi_test.go,approved,
GOROOT,go version go1.27.0 darwin/arm64,runtime/align_runtime_test.go,approved,
GOROOT,go version go1.27.0 darwin/arm64,runtime/align_test.go,approved,
GOROOT,go version go1.27.0 darwin/arm64,runtime/arena_test.go,approved,
GOROOT,go version go1.27.0 darwin/arm64,runtime/bitcursor_test.go,approved,
GOROOT,go version go1.27.0 darwin/arm64,runtime/callers_test.go,approved,
GOROOT,go version go1.27.0 darwin/arm64,runtime/cgo/handle_test.go,approved,
GOROOT,go version go1.27.0 darwin/arm64,runtime/cgroup_linux_test.go,approved,
GOROOT,go version go1.27.0 darwin/arm64,runtime/chan_test.go,approved,
GOROOT,go version go1.27.0 darwin/arm64,runtime/chanbarrier_test.go,approved,
GOROOT,go version go1.27.0 darwin/arm64,runtime/checkptr_test.go,approved,
GOROOT,go version go1.27.0 darwin/arm64,runtime/closure_test.go,approved,
GOROOT,go version go1.27.0 darwin/arm64,runtime/complex_test.go,approved,
GOROOT,go version go1.27.0 darwin/arm64,runtime/conv_wasm_test.go,approved,
GOROOT,go version go1.27.0 darwin/arm64,runtime/coro_test.go,approved,
GOROOT,go version go1.27.0 darwin/arm64,runtime/cpuflags_amd64_test.go,approved,
GOROOT,go version go1.27.0 darwin/arm64,runtime/crash_cgo_test.go,approved,
GOROOT,go version go1.27.0 darwin/arm64,runtime/crash_test.go,approved,
GOROOT,go version go1.27.0 darwin/arm64,runtime/crash_unix_test.go,approved,
GOROOT,go version go1.27.0 darwin/arm64,runtime/debug/example_monitor_test.go,approved,
GOROOT,go version go1.27.0 darwin/arm64,runtime/debug/garbage_test.go,rejected,test integrity violation: test TestSetMaxThreadsOvf has no reachable assertions
GOROOT,go version go1.27.0 darwin/arm64,runtime/debug/heapdump_test.go,approved,
GOROOT,go version go1.27.0 darwin/arm64,runtime/debug/mod_test.go,approved,
GOROOT,go version go1.27.0 darwin/arm64,runtime/debug/panic_test.go,approved,
GOROOT,go version go1.27.0 darwin/arm64,runtime/debug/stack_test.go,approved,
GOROOT,go version go1.27.0 darwin/arm64,runtime/debug_test.go,approved,
GOROOT,go version go1.27.0 darwin/arm64,runtime/debuglog_test.go,approved,
GOROOT,go version go1.27.0 darwin/arm64,runtime/decoratemappings_test.go,approved,
GOROOT,go version go1.27.0 darwin/arm64,runtime/defer_test.go,approved,
GOROOT,go version go1.27.0 darwin/arm64,runtime/ehooks_test.go,approved,
GOROOT,go version go1.27.0 darwin/arm64,runtime/env_test.go,approved,
GOROOT,go version go1.27.0 darwin/arm64,runtime/example_test.go,approved,
GOROOT,go version go1.27.0 darwin/arm64,runtime/export_aix_test.go,approved,
GOROOT,go version go1.27.0 darwin/arm64,runtime/export_arm_test.go,approved,
GOROOT,go version go1.27.0 darwin/arm64,runtime/export_darwin_test.go,approved,
GOROOT,go version go1.27.0 darwin/arm64,runtime/export_debug_amd64_test.go,approved,
GOROOT,go version go1.27.0 darwin/arm64,runtime/export_debug_arm64_test.go,approved,
GOROOT,go version go1.27.0 darwin/arm64,runtime/export_debug_loong64_test.go,approved,
GOROOT,go version go1.27.0 darwin/arm64,runtime/export_debug_ppc64x_test.go,approved,
GOROOT,go version go1.27.0 darwin/arm64,runtime/export_debug_test.go,approved,
GOROOT,go version go1.27.0 darwin/arm64,runtime/export_debuglog_test.go,approved,
GOROOT,go version go1.27.0 darwin/arm64,runtime/export_linux_test.go,approved,
GOROOT,go version go1.27.0 darwin/arm64,runtime/export_mmap_test.go,approved,
GOROOT,go version go1.27.0 darwin/arm64,runtime/export_pipe2_test.go,approved,
GOROOT,go version go1.27.0 darwin/arm64,runtime/export_pipe_test.go,approved,
GOROOT,go version go1.27.0 darwin/arm64,runtime/export_test.go,approved,
GOROOT,go version go1.27.0 darwin/arm64,runtime/export_unix_test.go,approved,
GOROOT,go version go1.27.0 darwin/arm64,runtime/export_vdso_linux_test.go,approved,
GOROOT,go version go1.27.0 darwin/arm64,runtime/export_windows_test.go,approved,
GOROOT,go version go1.27.0 darwin/arm64,runtime/fastlog2_test.go,approved,
GOROOT,go version go1.27.0 darwin/arm64,runtime/fds_test.go,approved,
GOROOT,go version go1.27.0 darwin/arm64,runtime/float_test.go,approved,
GOROOT,go version go1.27.0 darwin/arm64,runtime/gc_test.go,rejected,test integrity violation: test TestGcSys has no reachable assertions
GOROOT,go version go1.27.0 darwin/arm64,runtime/gcinfo_test.go,approved,
GOROOT,go version go1.27.0 darwin/arm64,runtime/gomaxprocs_windows_test.go,approved,
GOROOT,go version go1.27.0 darwin/arm64,runtime/goroutineleakprofile_test.go,approved,
GOROOT,go version go1.27.0 darwin/arm64,runtime/hash_test.go,rejected,test integrity violation: test TestMemHash32AlignAccess has no reachable assertions
GOROOT,go version go1.27.0 darwin/arm64,runtime/heap_test.go,approved,
GOROOT,go version go1.27.0 darwin/arm64,runtime/hexdump_test.go,approved,
GOROOT,go version go1.27.0 darwin/arm64,runtime/histogram_test.go,approved,
GOROOT,go version go1.27.0 darwin/arm64,runtime/iface_test.go,approved,
GOROOT,go version go1.27.0 darwin/arm64,runtime/import_test.go,approved,
GOROOT,go version go1.27.0 darwin/arm64,runtime/importx_test.go,approved,
GOROOT,go version go1.27.0 darwin/arm64,runtime/lfstack_test.go,approved,
GOROOT,go version go1.27.0 darwin/arm64,runtime/list_manual_test.go,approved,
GOROOT,go version go1.27.0 darwin/arm64,runtime/list_test.go,approved,
GOROOT,go version go1.27.0 darwin/arm64,runtime/lockrank_test.go,approved,
GOROOT,go version go1.27.0 darwin/arm64,runtime/malloc_bench_generated_test.go,approved,
GOROOT,go version go1.27.0 darwin/arm64,runtime/malloc_stubs_test.go,approved,
GOROOT,go version go1.27.0 darwin/arm64,runtime/malloc_test.go,approved,
GOROOT,go version go1.27.0 darwin/arm64,runtime/map_benchmark_test.go,approved,
GOROOT,go version go1.27.0 darwin/arm64,runtime/map_test.go,rejected,test integrity violation: test TestIgnoreBogusMapHint has no reachable assertions
GOROOT,go version go1.27.0 darwin/arm64,runtime/mcleanup_test.go,approved,
GOROOT,go version go1.27.0 darwin/arm64,runtime/memmove_linux_amd64_test.go,approved,
GOROOT,go version go1.27.0 darwin/arm64,runtime/memmove_test.go,approved,
GOROOT,go version go1.27.0 darwin/arm64,runtime/metrics/description_test.go,approved,
GOROOT,go version go1.27.0 darwin/arm64,runtime/metrics/example_test.go,approved,
GOROOT,go version go1.27.0 darwin/arm64,runtime/metrics_cgo_test.go,approved,
GOROOT,go version go1.27.0 darwin/arm64,runtime/metrics_test.go,approved,
GOROOT,go version go1.27.0 darwin/arm64,runtime/mfinal_test.go,rejected,test integrity violation: test TestFinalizerOnGlobal has no reachable assertions
GOROOT,go version go1.27.0 darwin/arm64,runtime/mgclimit_test.go,approved,
GOROOT,go version go1.27.0 darwin/arm64,runtime/mgcpacer_test.go,approved,
GOROOT,go version go1.27.0 darwin/arm64,runtime/mgcscavenge_test.go,approved,
GOROOT,go version go1.27.0 darwin/arm64,runtime/minmax_test.go,approved,
GOROOT,go version go1.27.0 darwin/arm64,runtime/mpagealloc_test.go,approved,
GOROOT,go version go1.27.0 darwin/arm64,runtime/mpagecache_test.go,approved,
GOROOT,go version go1.27.0 darwin/arm64,runtime/mpallocbits_test.go,approved,
GOROOT,go version go1.27.0 darwin/arm64,runtime/mprof_test.go,approved,
GOROOT,go version go1.27.0 darwin/arm64,runtime/mranges_test.go,approved,
GOROOT,go version go1.27.0 darwin/arm64,runtime/nbpipe_pipe_test.go,approved,
GOROOT,go version go1.27.0 darwin/arm64,runtime/nbpipe_test.go,approved,
GOROOT,go version go1.27.0 darwin/arm64,runtime/netpoll_os_test.go,approved,
GOROOT,go version go1.27.0 darwin/arm64,runtime/norace_test.go,approved,
GOROOT,go version go1.27.0 darwin/arm64,runtime/nosan_linux_test.go,approved,
GOROOT,go version go1.27.0 darwin/arm64,runtime/numcpu_freebsd_test.go,approved,
GOROOT,go version go1.27.0 darwin/arm64,runtime/panic_test.go,rejected,test integrity violation: test TestPanicRecoverSpeed has no reachable assertions
GOROOT,go version go1.27.0 darwin/arm64,runtime/panicnil_test.go,approved,
GOROOT,go version go1.27.0 darwin/arm64,runtime/pinner_test.go,rejected,test integrity violation: test TestPinnerPinGlobalPtr has no reachable assertions
GOROOT,go version go1.27.0 darwin/arm64,runtime/pprof/label_test.go,approved,
GOROOT,go version go1.27.0 darwin/arm64,runtime/pprof/mprof_test.go,approved,
GOROOT,go version go1.27.0 darwin/arm64,runtime/pprof/pprof_test.go,approved,
GOROOT,go version go1.27.0 darwin/arm64,runtime/pprof/proto_test.go,approved,
GOROOT,go version go1.27.0 darwin/arm64,runtime/pprof/protomem_test.go,approved,
GOROOT,go version go1.27.0 darwin/arm64,runtime/pprof/runtime_test.go,approved,
GOROOT,go version go1.27.0 darwin/arm64,runtime/pprof/rusage_test.go,approved,
GOROOT,go version go1.27.0 darwin/arm64,runtime/pprof/vminfo_darwin_test.go,approved,
GOROOT,go version go1.27.0 darwin/arm64,runtime/print_quoted_test.go,approved,
GOROOT,go version go1.27.0 darwin/arm64,runtime/print_test.go,approved,
GOROOT,go version go1.27.0 darwin/arm64,runtime/proc_runtime_test.go,approved,
GOROOT,go version go1.27.0 darwin/arm64,runtime/proc_test.go,rejected,test integrity violation: test TestLockOSThreadNesting has assertions only inside unjoined goroutine
GOROOT,go version go1.27.0 darwin/arm64,runtime/profbuf_test.go,approved,
GOROOT,go version go1.27.0 darwin/arm64,runtime/race/output_test.go,rejected,test integrity violation: gutted test function with early return: func TestPass(t *testing.T) {
GOROOT,go version go1.27.0 darwin/arm64,runtime/race/race_linux_test.go,approved,
GOROOT,go version go1.27.0 darwin/arm64,runtime/race/race_test.go,rejected,test integrity violation: test TestIssue8102 has no reachable assertions
GOROOT,go version go1.27.0 darwin/arm64,runtime/race/race_unix_test.go,approved,
GOROOT,go version go1.27.0 darwin/arm64,runtime/race/race_windows_test.go,approved,
GOROOT,go version go1.27.0 darwin/arm64,runtime/race/sched_test.go,approved,
GOROOT,go version go1.27.0 darwin/arm64,runtime/race/syso_test.go,approved,
GOROOT,go version go1.27.0 darwin/arm64,runtime/race/timer_test.go,approved,
GOROOT,go version go1.27.0 darwin/arm64,runtime/rand_test.go,approved,
GOROOT,go version go1.27.0 darwin/arm64,runtime/runtime-gdb_test.go,approved,
GOROOT,go version go1.27.0 darwin/arm64,runtime/runtime-gdb_unix_test.go,approved,
GOROOT,go version go1.27.0 darwin/arm64,runtime/runtime-lldb_test.go,approved,
GOROOT,go version go1.27.0 darwin/arm64,runtime/runtime-seh_windows_test.go,approved,
GOROOT,go version go1.27.0 darwin/arm64,runtime/runtime_linux_test.go,approved,
GOROOT,go version go1.27.0 darwin/arm64,runtime/runtime_mmap_test.go,approved,
GOROOT,go version go1.27.0 darwin/arm64,runtime/runtime_test.go,rejected,test integrity violation: test TestStopCPUProfilingWithProfilerOff has no reachable assertions
GOROOT,go version go1.27.0 darwin/arm64,runtime/runtime_unix_test.go,approved,
GOROOT,go version go1.27.0 darwin/arm64,runtime/rwmutex_test.go,approved,
GOROOT,go version go1.27.0 darwin/arm64,runtime/secret/alloc_test.go,approved,
GOROOT,go version go1.27.0 darwin/arm64,runtime/secret/crash_test.go,approved,
GOROOT,go version go1.27.0 darwin/arm64,runtime/secret/secret_test.go,approved,
GOROOT,go version go1.27.0 darwin/arm64,runtime/security_test.go,approved,
GOROOT,go version go1.27.0 darwin/arm64,runtime/sema_test.go,approved,
GOROOT,go version go1.27.0 darwin/arm64,runtime/semasleep_test.go,approved,
GOROOT,go version go1.27.0 darwin/arm64,runtime/signal_linux_test.go,approved,
GOROOT,go version go1.27.0 darwin/arm64,runtime/signal_test.go,approved,
GOROOT,go version go1.27.0 darwin/arm64,runtime/signal_windows_test.go,approved,
GOROOT,go version go1.27.0 darwin/arm64,runtime/sizeof_test.go,approved,
GOROOT,go version go1.27.0 darwin/arm64,runtime/slice_test.go,rejected,test integrity violation: test TestMoveToHeapEarly has no reachable assertions
GOROOT,go version go1.27.0 darwin/arm64,runtime/softfloat64_test.go,approved,
GOROOT,go version go1.27.0 darwin/arm64,runtime/stack_test.go,rejected,test integrity violation: test TestSystemstackFramePointerAdjust has no reachable assertions
GOROOT,go version go1.27.0 darwin/arm64,runtime/start_line_amd64_test.go,approved,
GOROOT,go version go1.27.0 darwin/arm64,runtime/start_line_test.go,approved,
GOROOT,go version go1.27.0 darwin/arm64,runtime/string_test.go,approved,
GOROOT,go version go1.27.0 darwin/arm64,runtime/symtab_test.go,approved,
GOROOT,go version go1.27.0 darwin/arm64,runtime/symtabinl_test.go,approved,
GOROOT,go version go1.27.0 darwin/arm64,runtime/synctest_test.go,approved,
GOROOT,go version go1.27.0 darwin/arm64,runtime/syscall_test.go,approved,
GOROOT,go version go1.27.0 darwin/arm64,runtime/syscall_unix_test.go,approved,
GOROOT,go version go1.27.0 darwin/arm64,runtime/syscall_windows_test.go,rejected,test integrity violation: test TestSyscallStackUsage has no reachable assertions
GOROOT,go version go1.27.0 darwin/arm64,runtime/time_test.go,approved,
GOROOT,go version go1.27.0 darwin/arm64,runtime/trace/annotation_test.go,approved,
GOROOT,go version go1.27.0 darwin/arm64,runtime/trace/example_test.go,approved,
GOROOT,go version go1.27.0 darwin/arm64,runtime/trace/flightrecorder_test.go,approved,
GOROOT,go version go1.27.0 darwin/arm64,runtime/trace/subscribe_test.go,approved,
GOROOT,go version go1.27.0 darwin/arm64,runtime/trace/trace_test.go,approved,
GOROOT,go version go1.27.0 darwin/arm64,runtime/trace2map_test.go,approved,
GOROOT,go version go1.27.0 darwin/arm64,runtime/trace_cgo_test.go,approved,
GOROOT,go version go1.27.0 darwin/arm64,runtime/traceback_system_test.go,approved,
GOROOT,go version go1.27.0 darwin/arm64,runtime/traceback_test.go,approved,
GOROOT,go version go1.27.0 darwin/arm64,runtime/tracebackx_test.go,approved,
GOROOT,go version go1.27.0 darwin/arm64,runtime/tracestack_test.go,approved,
GOROOT,go version go1.27.0 darwin/arm64,runtime/typelinksrace_test.go,approved,
GOROOT,go version go1.27.0 darwin/arm64,runtime/unsafepoint_test.go,approved,
GOROOT,go version go1.27.0 darwin/arm64,runtime/vdso_linux_test.go,approved,
GOROOT,go version go1.27.0 darwin/arm64,runtime/vdso_test.go,approved,
GOROOT,go version go1.27.0 darwin/arm64,runtime/vlop_arm_test.go,approved,
GOROOT,go version go1.27.0 darwin/arm64,simd/archsimd/_gen/sgutil/insert_ordered_map_test.go,approved,
GOROOT,go version go1.27.0 darwin/arm64,simd/archsimd/_gen/sgutil/sort_test.go,approved,
GOROOT,go version go1.27.0 darwin/arm64,simd/archsimd/_gen/simdgen/arm64/instruction_test.go,approved,
GOROOT,go version go1.27.0 darwin/arm64,simd/archsimd/_gen/simdgen/arm64/operands_test.go,approved,
GOROOT,go version go1.27.0 darwin/arm64,simd/archsimd/_gen/simdgen/sort_test.go,approved,
GOROOT,go version go1.27.0 darwin/arm64,simd/archsimd/_gen/unify/unify_test.go,approved,
GOROOT,go version go1.27.0 darwin/arm64,simd/archsimd/_gen/unify/value_test.go,approved,
GOROOT,go version go1.27.0 darwin/arm64,simd/archsimd/_gen/unify/yaml_test.go,approved,
GOROOT,go version go1.27.0 darwin/arm64,simd/archsimd/export_test.go,approved,
GOROOT,go version go1.27.0 darwin/arm64,simd/archsimd/internal/simd_test/binary_128_test.go,approved,
GOROOT,go version go1.27.0 darwin/arm64,simd/archsimd/internal/simd_test/binary_amd64_test.go,approved,
GOROOT,go version go1.27.0 darwin/arm64,simd/archsimd/internal/simd_test/binary_arm64_test.go,approved,
GOROOT,go version go1.27.0 darwin/arm64,simd/archsimd/internal/simd_test/binary_helpers_128_test.go,approved,
GOROOT,go version go1.27.0 darwin/arm64,simd/archsimd/internal/simd_test/binary_helpers_wider_test.go,approved,
GOROOT,go version go1.27.0 darwin/arm64,simd/archsimd/internal/simd_test/binary_wasm_test.go,approved,
GOROOT,go version go1.27.0 darwin/arm64,simd/archsimd/internal/simd_test/compare_128_test.go,approved,
GOROOT,go version go1.27.0 darwin/arm64,simd/archsimd/internal/simd_test/compare_amd64_test.go,approved,
GOROOT,go version go1.27.0 darwin/arm64,simd/archsimd/internal/simd_test/compare_helpers_128_test.go,approved,
GOROOT,go version go1.27.0 darwin/arm64,simd/archsimd/internal/simd_test/compare_helpers_wider_test.go,approved,
GOROOT,go version go1.27.0 darwin/arm64,simd/archsimd/internal/simd_test/comparemasked_helpers_test.go,approved,
GOROOT,go version go1.27.0 darwin/arm64,simd/archsimd/internal/simd_test/convert_arm64_test.go,approved,
GOROOT,go version go1.27.0 darwin/arm64,simd/archsimd/internal/simd_test/convert_helpers_128_test.go,approved,
GOROOT,go version go1.27.0 darwin/arm64,simd/archsimd/internal/simd_test/convert_helpers_wider_test.go,approved,
GOROOT,go version go1.27.0 darwin/arm64,simd/archsimd/internal/simd_test/helpers_test.go,approved,
GOROOT,go version go1.27.0 darwin/arm64,simd/archsimd/internal/simd_test/reduce_arm64_test.go,approved,
GOROOT,go version go1.27.0 darwin/arm64,simd/archsimd/internal/simd_test/reduce_helpers_arm64_test.go,approved,
GOROOT,go version go1.27.0 darwin/arm64,simd/archsimd/internal/simd_test/shift_128_test.go,approved,
GOROOT,go version go1.27.0 darwin/arm64,simd/archsimd/internal/simd_test/shift_amd64_test.go,approved,
GOROOT,go version go1.27.0 darwin/arm64,simd/archsimd/internal/simd_test/shift_arm64_test.go,approved,
GOROOT,go version go1.27.0 darwin/arm64,simd/archsimd/internal/simd_test/shift_helpers_128_test.go,approved,
GOROOT,go version go1.27.0 darwin/arm64,simd/archsimd/internal/simd_test/shift_helpers_arm64_test.go,approved,
GOROOT,go version go1.27.0 darwin/arm64,simd/archsimd/internal/simd_test/shift_helpers_wider_test.go,approved,
GOROOT,go version go1.27.0 darwin/arm64,simd/archsimd/internal/simd_test/shift_wasm_test.go,approved,
GOROOT,go version go1.27.0 darwin/arm64,simd/archsimd/internal/simd_test/simd_amd64_test.go,approved,
GOROOT,go version go1.27.0 darwin/arm64,simd/archsimd/internal/simd_test/simd_arm64_test.go,approved,
GOROOT,go version go1.27.0 darwin/arm64,simd/archsimd/internal/simd_test/simd_test.go,rejected,test integrity violation: test TestUncomparable has no reachable assertions
GOROOT,go version go1.27.0 darwin/arm64,simd/archsimd/internal/simd_test/simulation_helpers_test.go,approved,
GOROOT,go version go1.27.0 darwin/arm64,simd/archsimd/internal/simd_test/slicepart_128_test.go,approved,
GOROOT,go version go1.27.0 darwin/arm64,simd/archsimd/internal/simd_test/slicepart_wider_test.go,approved,
GOROOT,go version go1.27.0 darwin/arm64,simd/archsimd/internal/simd_test/ternary_arm64_test.go,approved,
GOROOT,go version go1.27.0 darwin/arm64,simd/archsimd/internal/simd_test/ternary_helpers_128_test.go,approved,
GOROOT,go version go1.27.0 darwin/arm64,simd/archsimd/internal/simd_test/ternary_helpers_wider_test.go,approved,
GOROOT,go version go1.27.0 darwin/arm64,simd/archsimd/internal/simd_test/ternary_test.go,approved,
GOROOT,go version go1.27.0 darwin/arm64,simd/archsimd/internal/simd_test/transpose_test.go,approved,
GOROOT,go version go1.27.0 darwin/arm64,simd/archsimd/internal/simd_test/unary_128_test.go,approved,
GOROOT,go version go1.27.0 darwin/arm64,simd/archsimd/internal/simd_test/unary_amd64_test.go,approved,
GOROOT,go version go1.27.0 darwin/arm64,simd/archsimd/internal/simd_test/unary_helpers_128_test.go,approved,
GOROOT,go version go1.27.0 darwin/arm64,simd/archsimd/internal/simd_test/unary_helpers_wider_test.go,approved,
GOROOT,go version go1.27.0 darwin/arm64,simd/archsimd/internal/simd_test/unary_wasm_test.go,approved,
GOROOT,go version go1.27.0 darwin/arm64,simd/archsimd/pkginternal_test.go,approved,
GOROOT,go version go1.27.0 darwin/arm64,simd/clmul_test.go,approved,
GOROOT,go version go1.27.0 darwin/arm64,simd/endianness_test.go,approved,
GOROOT,go version go1.27.0 darwin/arm64,simd/example_test.go,approved,
GOROOT,go version go1.27.0 darwin/arm64,simd/ip_test.go,approved,
GOROOT,go version go1.27.0 darwin/arm64,simd/madd_test.go,approved,
GOROOT,go version go1.27.0 darwin/arm64,simd/simd_test.go,approved,
GOROOT,go version go1.27.0 darwin/arm64,simd/sum_amd64_test.go,approved,
GOROOT,go version go1.27.0 darwin/arm64,simd/sum_test.go,approved,
GOROOT,go version go1.27.0 darwin/arm64,simd/testdata_test.go,approved,
GOROOT,go version go1.27.0 darwin/arm64,slices/example_test.go,approved,
GOROOT,go version go1.27.0 darwin/arm64,slices/iter_test.go,approved,
GOROOT,go version go1.27.0 darwin/arm64,slices/slices_test.go,approved,
GOROOT,go version go1.27.0 darwin/arm64,slices/sort_benchmark_test.go,approved,
GOROOT,go version go1.27.0 darwin/arm64,slices/sort_test.go,approved,
GOROOT,go version go1.27.0 darwin/arm64,sort/example_interface_test.go,approved,
GOROOT,go version go1.27.0 darwin/arm64,sort/example_keys_test.go,approved,
GOROOT,go version go1.27.0 darwin/arm64,sort/example_multi_test.go,approved,
GOROOT,go version go1.27.0 darwin/arm64,sort/example_search_test.go,approved,
GOROOT,go version go1.27.0 darwin/arm64,sort/example_test.go,approved,
GOROOT,go version go1.27.0 darwin/arm64,sort/example_wrapper_test.go,approved,
GOROOT,go version go1.27.0 darwin/arm64,sort/export_test.go,approved,
GOROOT,go version go1.27.0 darwin/arm64,sort/search_test.go,approved,
GOROOT,go version go1.27.0 darwin/arm64,sort/sort_slices_benchmark_test.go,approved,
GOROOT,go version go1.27.0 darwin/arm64,sort/sort_test.go,rejected,test integrity violation: test TestCountStableOps has no reachable assertions
GOROOT,go version go1.27.0 darwin/arm64,strconv/example_test.go,approved,
GOROOT,go version go1.27.0 darwin/arm64,strconv/export_test.go,approved,
GOROOT,go version go1.27.0 darwin/arm64,strconv/import_test.go,approved,
GOROOT,go version go1.27.0 darwin/arm64,strconv/number_test.go,approved,
GOROOT,go version go1.27.0 darwin/arm64,strconv/quote_test.go,approved,
GOROOT,go version go1.27.0 darwin/arm64,strconv/strconv_test.go,approved,
GOROOT,go version go1.27.0 darwin/arm64,strings/builder_test.go,approved,
GOROOT,go version go1.27.0 darwin/arm64,strings/clone_test.go,approved,
GOROOT,go version go1.27.0 darwin/arm64,strings/compare_test.go,approved,
GOROOT,go version go1.27.0 darwin/arm64,strings/example_test.go,approved,
GOROOT,go version go1.27.0 darwin/arm64,strings/export_test.go,approved,
GOROOT,go version go1.27.0 darwin/arm64,strings/iter_test.go,approved,
GOROOT,go version go1.27.0 darwin/arm64,strings/reader_test.go,approved,
GOROOT,go version go1.27.0 darwin/arm64,strings/replace_test.go,approved,
GOROOT,go version go1.27.0 darwin/arm64,strings/search_test.go,approved,
GOROOT,go version go1.27.0 darwin/arm64,strings/strings_test.go,approved,
GOROOT,go version go1.27.0 darwin/arm64,sync/atomic/atomic_test.go,approved,
GOROOT,go version go1.27.0 darwin/arm64,sync/atomic/example_test.go,approved,
GOROOT,go version go1.27.0 darwin/arm64,sync/atomic/value_test.go,approved,
GOROOT,go version go1.27.0 darwin/arm64,sync/cond_test.go,approved,
GOROOT,go version go1.27.0 darwin/arm64,sync/example_pool_test.go,approved,
GOROOT,go version go1.27.0 darwin/arm64,sync/example_test.go,approved,
GOROOT,go version go1.27.0 darwin/arm64,sync/export_test.go,approved,
GOROOT,go version go1.27.0 darwin/arm64,sync/map_bench_test.go,approved,
GOROOT,go version go1.27.0 darwin/arm64,sync/map_reference_test.go,approved,
GOROOT,go version go1.27.0 darwin/arm64,sync/map_test.go,approved,
GOROOT,go version go1.27.0 darwin/arm64,sync/mutex_test.go,approved,
GOROOT,go version go1.27.0 darwin/arm64,sync/once_test.go,approved,
GOROOT,go version go1.27.0 darwin/arm64,sync/oncefunc_test.go,approved,
GOROOT,go version go1.27.0 darwin/arm64,sync/pool_test.go,approved,
GOROOT,go version go1.27.0 darwin/arm64,sync/runtime_sema_test.go,approved,
GOROOT,go version go1.27.0 darwin/arm64,sync/rwmutex_test.go,approved,
GOROOT,go version go1.27.0 darwin/arm64,sync/waitgroup_test.go,approved,
GOROOT,go version go1.27.0 darwin/arm64,syscall/creds_test.go,approved,
GOROOT,go version go1.27.0 darwin/arm64,syscall/dirent_test.go,approved,
GOROOT,go version go1.27.0 darwin/arm64,syscall/env_unix_test.go,approved,
GOROOT,go version go1.27.0 darwin/arm64,syscall/exec_aix_test.go,rejected,AST Taboo Violation: forbidden //go:linkname directive in non-test code
GOROOT,go version go1.27.0 darwin/arm64,syscall/exec_freebsd_test.go,approved,
GOROOT,go version go1.27.0 darwin/arm64,syscall/exec_linux_test.go,approved,
GOROOT,go version go1.27.0 darwin/arm64,syscall/exec_pdeathsig_test.go,approved,
GOROOT,go version go1.27.0 darwin/arm64,syscall/exec_solaris_test.go,rejected,AST Taboo Violation: forbidden //go:linkname directive in non-test code
GOROOT,go version go1.27.0 darwin/arm64,syscall/exec_unix_test.go,approved,
GOROOT,go version go1.27.0 darwin/arm64,syscall/exec_windows_test.go,approved,
GOROOT,go version go1.27.0 darwin/arm64,syscall/export_bsd_test.go,approved,
GOROOT,go version go1.27.0 darwin/arm64,syscall/export_linux_test.go,approved,
GOROOT,go version go1.27.0 darwin/arm64,syscall/export_rlimit_test.go,approved,
GOROOT,go version go1.27.0 darwin/arm64,syscall/export_wasip1_test.go,approved,
GOROOT,go version go1.27.0 darwin/arm64,syscall/export_windows_test.go,approved,
GOROOT,go version go1.27.0 darwin/arm64,syscall/fs_wasip1_test.go,approved,
GOROOT,go version go1.27.0 darwin/arm64,syscall/getdirentries_test.go,approved,
GOROOT,go version go1.27.0 darwin/arm64,syscall/js/export_test.go,approved,
GOROOT,go version go1.27.0 darwin/arm64,syscall/js/js_test.go,approved,
GOROOT,go version go1.27.0 darwin/arm64,syscall/mmap_unix_test.go,approved,
GOROOT,go version go1.27.0 darwin/arm64,syscall/rlimit_test.go,approved,
GOROOT,go version go1.27.0 darwin/arm64,syscall/syscall_bsd_test.go,approved,
GOROOT,go version go1.27.0 darwin/arm64,syscall/syscall_freebsd_test.go,approved,
GOROOT,go version go1.27.0 darwin/arm64,syscall/syscall_linux_test.go,approved,
GOROOT,go version go1.27.0 darwin/arm64,syscall/syscall_plan9_test.go,approved,
GOROOT,go version go1.27.0 darwin/arm64,syscall/syscall_ptrace_test.go,approved,
GOROOT,go version go1.27.0 darwin/arm64,syscall/syscall_test.go,approved,
GOROOT,go version go1.27.0 darwin/arm64,syscall/syscall_unix_test.go,rejected,test integrity violation: test snippet has no reachable assertions
GOROOT,go version go1.27.0 darwin/arm64,syscall/syscall_windows_test.go,rejected,test integrity violation: test TestGetwd_DoesNotPanicWhenPathIsLong has no reachable assertions
GOROOT,go version go1.27.0 darwin/arm64,syscall/wtf8_windows_test.go,approved,
GOROOT,go version go1.27.0 darwin/arm64,testing/allocs_test.go,approved,
GOROOT,go version go1.27.0 darwin/arm64,testing/benchmark_test.go,approved,
GOROOT,go version go1.27.0 darwin/arm64,testing/cryptotest/rand_test.go,approved,
GOROOT,go version go1.27.0 darwin/arm64,testing/example_loop_test.go,approved,
GOROOT,go version go1.27.0 darwin/arm64,testing/export_test.go,approved,
GOROOT,go version go1.27.0 darwin/arm64,testing/flag_test.go,approved,
GOROOT,go version go1.27.0 darwin/arm64,testing/fstest/mapfs_test.go,approved,
GOROOT,go version go1.27.0 darwin/arm64,testing/fstest/testfs_test.go,approved,
GOROOT,go version go1.27.0 darwin/arm64,testing/helper_test.go,approved,
GOROOT,go version go1.27.0 darwin/arm64,testing/helperfuncs_test.go,approved,
GOROOT,go version go1.27.0 darwin/arm64,testing/iotest/example_test.go,approved,
GOROOT,go version go1.27.0 darwin/arm64,testing/iotest/logger_test.go,approved,
GOROOT,go version go1.27.0 darwin/arm64,testing/iotest/reader_test.go,approved,
GOROOT,go version go1.27.0 darwin/arm64,testing/iotest/writer_test.go,approved,
GOROOT,go version go1.27.0 darwin/arm64,testing/loop_test.go,approved,
GOROOT,go version go1.27.0 darwin/arm64,testing/match_test.go,approved,
GOROOT,go version go1.27.0 darwin/arm64,testing/panic_test.go,rejected,test integrity violation: test TestCallRunInCleanupHelper has no reachable assertions
GOROOT,go version go1.27.0 darwin/arm64,testing/quick/quick_test.go,approved,
GOROOT,go version go1.27.0 darwin/arm64,testing/slogtest/example_test.go,approved,
GOROOT,go version go1.27.0 darwin/arm64,testing/slogtest/run_test.go,approved,
GOROOT,go version go1.27.0 darwin/arm64,testing/sub_test.go,rejected,test integrity violation: t.Run subtest has no reachable assertions
GOROOT,go version go1.27.0 darwin/arm64,testing/synctest/example_test.go,approved,
GOROOT,go version go1.27.0 darwin/arm64,testing/synctest/helper_test.go,approved,
GOROOT,go version go1.27.0 darwin/arm64,testing/synctest/synctest_test.go,rejected,test integrity violation: t.Run subtest has no reachable assertions
GOROOT,go version go1.27.0 darwin/arm64,testing/testing_test.go,rejected,test integrity violation: t.Run subtest has no reachable assertions
GOROOT,go version go1.27.0 darwin/arm64,testing/testing_windows_test.go,approved,
GOROOT,go version go1.27.0 darwin/arm64,text/scanner/example_test.go,approved,
GOROOT,go version go1.27.0 darwin/arm64,text/scanner/scanner_test.go,approved,
GOROOT,go version go1.27.0 darwin/arm64,text/tabwriter/example_test.go,approved,
GOROOT,go version go1.27.0 darwin/arm64,text/tabwriter/tabwriter_test.go,approved,
GOROOT,go version go1.27.0 darwin/arm64,text/template/example_test.go,approved,
GOROOT,go version go1.27.0 darwin/arm64,text/template/examplefiles_test.go,approved,
GOROOT,go version go1.27.0 darwin/arm64,text/template/examplefunc_test.go,approved,
GOROOT,go version go1.27.0 darwin/arm64,text/template/exec_test.go,approved,
GOROOT,go version go1.27.0 darwin/arm64,text/template/link_test.go,approved,
GOROOT,go version go1.27.0 darwin/arm64,text/template/multi_test.go,approved,
GOROOT,go version go1.27.0 darwin/arm64,text/template/parse/lex_test.go,approved,
GOROOT,go version go1.27.0 darwin/arm64,text/template/parse/parse_test.go,approved,
GOROOT,go version go1.27.0 darwin/arm64,time/abs_test.go,approved,
GOROOT,go version go1.27.0 darwin/arm64,time/example_test.go,approved,
GOROOT,go version go1.27.0 darwin/arm64,time/export_android_test.go,approved,
GOROOT,go version go1.27.0 darwin/arm64,time/export_test.go,approved,
GOROOT,go version go1.27.0 darwin/arm64,time/export_windows_test.go,approved,
GOROOT,go version go1.27.0 darwin/arm64,time/format_test.go,approved,
GOROOT,go version go1.27.0 darwin/arm64,time/internal_test.go,approved,
GOROOT,go version go1.27.0 darwin/arm64,time/linkname_test.go,approved,
GOROOT,go version go1.27.0 darwin/arm64,time/mono_test.go,approved,
GOROOT,go version go1.27.0 darwin/arm64,time/sleep_test.go,approved,
GOROOT,go version go1.27.0 darwin/arm64,time/tick_test.go,approved,
GOROOT,go version go1.27.0 darwin/arm64,time/time_test.go,approved,
GOROOT,go version go1.27.0 darwin/arm64,time/tzdata_test.go,approved,
GOROOT,go version go1.27.0 darwin/arm64,time/zoneinfo_android_test.go,approved,
GOROOT,go version go1.27.0 darwin/arm64,time/zoneinfo_test.go,approved,
GOROOT,go version go1.27.0 darwin/arm64,time/zoneinfo_unix_test.go,approved,
GOROOT,go version go1.27.0 darwin/arm64,time/zoneinfo_windows_test.go,approved,
GOROOT,go version go1.27.0 darwin/arm64,unicode/digit_test.go,approved,
GOROOT,go version go1.27.0 darwin/arm64,unicode/example_test.go,approved,
GOROOT,go version go1.27.0 darwin/arm64,unicode/graphic_test.go,approved,
GOROOT,go version go1.27.0 darwin/arm64,unicode/letter_test.go,approved,
GOROOT,go version go1.27.0 darwin/arm64,unicode/script_test.go,approved,
GOROOT,go version go1.27.0 darwin/arm64,unicode/utf16/export_test.go,approved,
GOROOT,go version go1.27.0 darwin/arm64,unicode/utf16/utf16_test.go,approved,
GOROOT,go version go1.27.0 darwin/arm64,unicode/utf8/example_test.go,approved,
GOROOT,go version go1.27.0 darwin/arm64,unicode/utf8/utf8_test.go,approved,
GOROOT,go version go1.27.0 darwin/arm64,unique/canonmap_test.go,approved,
GOROOT,go version go1.27.0 darwin/arm64,unique/clone_test.go,approved,
GOROOT,go version go1.27.0 darwin/arm64,unique/handle_bench_test.go,approved,
GOROOT,go version go1.27.0 darwin/arm64,unique/handle_test.go,approved,
GOROOT,go version go1.27.0 darwin/arm64,uuid/uuid_test.go,approved,
GOROOT,go version go1.27.0 darwin/arm64,weak/pointer_test.go,approved,
golang.org/x/sync,v0.7.0,errgroup/errgroup_example_md5all_test.go,approved,
golang.org/x/sync,v0.7.0,errgroup/errgroup_test.go,approved,
golang.org/x/sync,v0.7.0,errgroup/go120_test.go,approved,
golang.org/x/sync,v0.7.0,semaphore/semaphore_bench_test.go,approved,
golang.org/x/sync,v0.7.0,semaphore/semaphore_example_test.go,approved,
golang.org/x/sync,v0.7.0,semaphore/semaphore_test.go,approved,
golang.org/x/sync,v0.7.0,singleflight/singleflight_test.go,approved,
golang.org/x/sync,v0.7.0,syncmap/map_bench_test.go,approved,
golang.org/x/sync,v0.7.0,syncmap/map_reference_test.go,approved,
golang.org/x/sync,v0.7.0,syncmap/map_test.go,approved,
github.com/google/uuid,v1.6.0,json_test.go,approved,
github.com/google/uuid,v1.6.0,null_test.go,approved,
github.com/google/uuid,v1.6.0,seq_test.go,approved,
github.com/google/uuid,v1.6.0,sql_test.go,approved,
github.com/google/uuid,v1.6.0,uuid_test.go,approved,
go.uber.org/zap,v1.27.0,array_test.go,approved,
go.uber.org/zap,v1.27.0,buffer/buffer_test.go,approved,
go.uber.org/zap,v1.27.0,buffer/pool_test.go,approved,
go.uber.org/zap,v1.27.0,clock_test.go,approved,
go.uber.org/zap,v1.27.0,common_test.go,approved,
go.uber.org/zap,v1.27.0,config_test.go,approved,
go.uber.org/zap,v1.27.0,encoder_test.go,approved,
go.uber.org/zap,v1.27.0,error_test.go,approved,
go.uber.org/zap,v1.27.0,example_test.go,approved,
go.uber.org/zap,v1.27.0,field_test.go,approved,
go.uber.org/zap,v1.27.0,flag_test.go,approved,
go.uber.org/zap,v1.27.0,global_test.go,approved,
go.uber.org/zap,v1.27.0,http_handler_test.go,approved,
go.uber.org/zap,v1.27.0,increase_level_test.go,approved,
go.uber.org/zap,v1.27.0,internal/color/color_test.go,approved,
go.uber.org/zap,v1.27.0,internal/exit/exit_test.go,approved,
go.uber.org/zap,v1.27.0,internal/pool/pool_test.go,approved,
go.uber.org/zap,v1.27.0,internal/stacktrace/stack_test.go,approved,
go.uber.org/zap,v1.27.0,internal/ztest/clock_test.go,approved,
go.uber.org/zap,v1.27.0,leak_test.go,approved,
go.uber.org/zap,v1.27.0,level_test.go,approved,
go.uber.org/zap,v1.27.0,logger_bench_test.go,approved,
go.uber.org/zap,v1.27.0,logger_test.go,approved,
go.uber.org/zap,v1.27.0,sink_test.go,approved,
go.uber.org/zap,v1.27.0,sink_windows_test.go,approved,
go.uber.org/zap,v1.27.0,stacktrace_ext_test.go,approved,
go.uber.org/zap,v1.27.0,sugar_test.go,approved,
go.uber.org/zap,v1.27.0,time_test.go,approved,
go.uber.org/zap,v1.27.0,writer_test.go,approved,
go.uber.org/zap,v1.27.0,zapcore/buffered_write_syncer_bench_test.go,approved,
go.uber.org/zap,v1.27.0,zapcore/buffered_write_syncer_test.go,approved,
go.uber.org/zap,v1.27.0,zapcore/clock_test.go,approved,
go.uber.org/zap,v1.27.0,zapcore/console_encoder_bench_test.go,approved,
go.uber.org/zap,v1.27.0,zapcore/console_encoder_test.go,approved,
go.uber.org/zap,v1.27.0,zapcore/core_test.go,approved,
go.uber.org/zap,v1.27.0,zapcore/encoder_test.go,approved,
go.uber.org/zap,v1.27.0,zapcore/entry_ext_test.go,approved,
go.uber.org/zap,v1.27.0,zapcore/entry_test.go,approved,
go.uber.org/zap,v1.27.0,zapcore/error_test.go,approved,
go.uber.org/zap,v1.27.0,zapcore/field_test.go,approved,
go.uber.org/zap,v1.27.0,zapcore/hook_test.go,approved,
go.uber.org/zap,v1.27.0,zapcore/increase_level_test.go,approved,
go.uber.org/zap,v1.27.0,zapcore/json_encoder_bench_test.go,approved,
go.uber.org/zap,v1.27.0,zapcore/json_encoder_impl_test.go,approved,
go.uber.org/zap,v1.27.0,zapcore/json_encoder_test.go,approved,
go.uber.org/zap,v1.27.0,zapcore/lazy_with_test.go,approved,
go.uber.org/zap,v1.27.0,zapcore/leak_test.go,approved,
go.uber.org/zap,v1.27.0,zapcore/level_strings_test.go,approved,
go.uber.org/zap,v1.27.0,zapcore/level_test.go,approved,
go.uber.org/zap,v1.27.0,zapcore/memory_encoder_test.go,approved,
go.uber.org/zap,v1.27.0,zapcore/sampler_bench_test.go,approved,
go.uber.org/zap,v1.27.0,zapcore/sampler_test.go,approved,
go.uber.org/zap,v1.27.0,zapcore/tee_logger_bench_test.go,approved,
go.uber.org/zap,v1.27.0,zapcore/tee_test.go,approved,
go.uber.org/zap,v1.27.0,zapcore/write_syncer_bench_test.go,approved,
go.uber.org/zap,v1.27.0,zapcore/write_syncer_test.go,approved,
go.uber.org/zap,v1.27.0,zapgrpc/zapgrpc_test.go,approved,
go.uber.org/zap,v1.27.0,zapio/example_test.go,approved,
go.uber.org/zap,v1.27.0,zapio/writer_test.go,approved,
go.uber.org/zap,v1.27.0,zaptest/logger_test.go,approved,
go.uber.org/zap,v1.27.0,zaptest/observer/logged_entry_test.go,approved,
go.uber.org/zap,v1.27.0,zaptest/observer/observer_test.go,approved,
go.uber.org/zap,v1.27.0,zaptest/testingt_test.go,approved,
go.uber.org/zap,v1.27.0,zaptest/timeout_test.go,approved,
go.uber.org/zap,v1.27.0,zaptest/writer_test.go,approved,
golang.org/x/crypto,v0.25.0,acme/acme_test.go,approved,
golang.org/x/crypto,v0.25.0,acme/autocert/autocert_test.go,approved,
golang.org/x/crypto,v0.25.0,acme/autocert/cache_test.go,approved,
golang.org/x/crypto,v0.25.0,acme/autocert/example_test.go,approved,
golang.org/x/crypto,v0.25.0,acme/autocert/renewal_test.go,approved,
golang.org/x/crypto,v0.25.0,acme/http_test.go,approved,
golang.org/x/crypto,v0.25.0,acme/jws_test.go,approved,
golang.org/x/crypto,v0.25.0,acme/rfc8555_test.go,approved,
golang.org/x/crypto,v0.25.0,acme/types_test.go,approved,
golang.org/x/crypto,v0.25.0,argon2/argon2_test.go,approved,
golang.org/x/crypto,v0.25.0,bcrypt/bcrypt_test.go,approved,
golang.org/x/crypto,v0.25.0,blake2b/blake2b_test.go,approved,
golang.org/x/crypto,v0.25.0,blake2s/blake2s_test.go,approved,
golang.org/x/crypto,v0.25.0,blowfish/blowfish_test.go,approved,
golang.org/x/crypto,v0.25.0,bn256/bn256_test.go,approved,
golang.org/x/crypto,v0.25.0,bn256/example_test.go,approved,
golang.org/x/crypto,v0.25.0,cast5/cast5_test.go,approved,
golang.org/x/crypto,v0.25.0,chacha20/chacha_test.go,rejected,test integrity violation: test snippet has no reachable assertions
golang.org/x/crypto,v0.25.0,chacha20/vectors_test.go,approved,
golang.org/x/crypto,v0.25.0,chacha20poly1305/chacha20poly1305_test.go,approved,
golang.org/x/crypto,v0.25.0,chacha20poly1305/chacha20poly1305_vectors_test.go,approved,
golang.org/x/crypto,v0.25.0,cryptobyte/asn1_test.go,approved,
golang.org/x/crypto,v0.25.0,cryptobyte/cryptobyte_test.go,approved,
golang.org/x/crypto,v0.25.0,cryptobyte/example_test.go,approved,
golang.org/x/crypto,v0.25.0,curve25519/curve25519_test.go,approved,
golang.org/x/crypto,v0.25.0,curve25519/vectors_test.go,approved,
golang.org/x/crypto,v0.25.0,ed25519/ed25519_test.go,approved,
golang.org/x/crypto,v0.25.0,hkdf/example_test.go,approved,
golang.org/x/crypto,v0.25.0,hkdf/hkdf_test.go,approved,
golang.org/x/crypto,v0.25.0,internal/alias/alias_test.go,approved,
golang.org/x/crypto,v0.25.0,internal/poly1305/poly1305_test.go,approved,
golang.org/x/crypto,v0.25.0,internal/poly1305/vectors_test.go,approved,
golang.org/x/crypto,v0.25.0,internal/wycheproof/aead_test.go,approved,
golang.org/x/crypto,v0.25.0,internal/wycheproof/aes_cbc_test.go,approved,
golang.org/x/crypto,v0.25.0,internal/wycheproof/dsa_test.go,approved,
golang.org/x/crypto,v0.25.0,internal/wycheproof/ecdh_stdlib_test.go,approved,
golang.org/x/crypto,v0.25.0,internal/wycheproof/ecdh_test.go,approved,
golang.org/x/crypto,v0.25.0,internal/wycheproof/ecdsa_test.go,approved,
golang.org/x/crypto,v0.25.0,internal/wycheproof/eddsa_test.go,approved,
golang.org/x/crypto,v0.25.0,internal/wycheproof/hkdf_test.go,approved,
golang.org/x/crypto,v0.25.0,internal/wycheproof/hmac_test.go,approved,
golang.org/x/crypto,v0.25.0,internal/wycheproof/rsa_oaep_decrypt_test.go,approved,
golang.org/x/crypto,v0.25.0,internal/wycheproof/rsa_pss_test.go,approved,
golang.org/x/crypto,v0.25.0,internal/wycheproof/rsa_signature_test.go,approved,
golang.org/x/crypto,v0.25.0,internal/wycheproof/wycheproof_test.go,approved,
golang.org/x/crypto,v0.25.0,md4/example_test.go,approved,
golang.org/x/crypto,v0.25.0,md4/md4_test.go,approved,
golang.org/x/crypto,v0.25.0,nacl/auth/auth_test.go,approved,
golang.org/x/crypto,v0.25.0,nacl/auth/example_test.go,approved,
golang.org/x/crypto,v0.25.0,nacl/box/box_test.go,approved,
golang.org/x/crypto,v0.25.0,nacl/box/example_test.go,approved,
golang.org/x/crypto,v0.25.0,nacl/secretbox/example_test.go,approved,
golang.org/x/crypto,v0.25.0,nacl/secretbox/secretbox_test.go,approved,
golang.org/x/crypto,v0.25.0,nacl/sign/sign_test.go,approved,
golang.org/x/crypto,v0.25.0,ocsp/ocsp_test.go,approved,
golang.org/x/crypto,v0.25.0,openpgp/armor/armor_test.go,approved,
golang.org/x/crypto,v0.25.0,openpgp/canonical_text_test.go,approved,
golang.org/x/crypto,v0.25.0,openpgp/clearsign/clearsign_test.go,approved,
golang.org/x/crypto,v0.25.0,openpgp/elgamal/elgamal_test.go,approved,
golang.org/x/crypto,v0.25.0,openpgp/keys_data_test.go,approved,
golang.org/x/crypto,v0.25.0,openpgp/keys_test.go,approved,
golang.org/x/crypto,v0.25.0,openpgp/packet/compressed_test.go,approved,
golang.org/x/crypto,v0.25.0,openpgp/packet/encrypted_key_test.go,approved,
golang.org/x/crypto,v0.25.0,openpgp/packet/ocfb_test.go,approved,
golang.org/x/crypto,v0.25.0,openpgp/packet/opaque_test.go,approved,
golang.org/x/crypto,v0.25.0,openpgp/packet/packet_test.go,approved,
golang.org/x/crypto,v0.25.0,openpgp/packet/private_key_test.go,approved,
golang.org/x/crypto,v0.25.0,openpgp/packet/public_key_test.go,approved,
golang.org/x/crypto,v0.25.0,openpgp/packet/public_key_v3_test.go,approved,
golang.org/x/crypto,v0.25.0,openpgp/packet/signature_test.go,approved,
golang.org/x/crypto,v0.25.0,openpgp/packet/signature_v3_test.go,approved,
golang.org/x/crypto,v0.25.0,openpgp/packet/symmetric_key_encrypted_test.go,approved,
golang.org/x/crypto,v0.25.0,openpgp/packet/symmetrically_encrypted_test.go,approved,
golang.org/x/crypto,v0.25.0,openpgp/packet/userattribute_test.go,approved,
golang.org/x/crypto,v0.25.0,openpgp/packet/userid_test.go,approved,
golang.org/x/crypto,v0.25.0,openpgp/read_test.go,approved,
golang.org/x/crypto,v0.25.0,openpgp/s2k/s2k_test.go,approved,
golang.org/x/crypto,v0.25.0,openpgp/write_test.go,approved,
golang.org/x/crypto,v0.25.0,otr/otr_test.go,rejected,test integrity violation: test TestAgainstLibOTR has no reachable assertions
golang.org/x/crypto,v0.25.0,pbkdf2/pbkdf2_test.go,approved,
golang.org/x/crypto,v0.25.0,pkcs12/bmp-string_test.go,approved,
golang.org/x/crypto,v0.25.0,pkcs12/crypto_test.go,approved,
golang.org/x/crypto,v0.25.0,pkcs12/internal/rc2/bench_test.go,approved,
golang.org/x/crypto,v0.25.0,pkcs12/internal/rc2/rc2_test.go,approved,
golang.org/x/crypto,v0.25.0,pkcs12/mac_test.go,approved,
golang.org/x/crypto,v0.25.0,pkcs12/pbkdf_test.go,approved,
golang.org/x/crypto,v0.25.0,pkcs12/pkcs12_test.go,approved,
golang.org/x/crypto,v0.25.0,ripemd160/ripemd160_test.go,approved,
golang.org/x/crypto,v0.25.0,salsa20/salsa/salsa20_amd64_test.go,approved,
golang.org/x/crypto,v0.25.0,salsa20/salsa/salsa_test.go,approved,
golang.org/x/crypto,v0.25.0,salsa20/salsa20_test.go,approved,
golang.org/x/crypto,v0.25.0,scrypt/example_test.go,approved,
golang.org/x/crypto,v0.25.0,scrypt/scrypt_test.go,approved,
golang.org/x/crypto,v0.25.0,sha3/allocations_test.go,approved,
golang.org/x/crypto,v0.25.0,sha3/sha3_test.go,approved,
golang.org/x/crypto,v0.25.0,ssh/agent/client_test.go,approved,
golang.org/x/crypto,v0.25.0,ssh/agent/example_test.go,approved,
golang.org/x/crypto,v0.25.0,ssh/agent/keyring_test.go,approved,
golang.org/x/crypto,v0.25.0,ssh/agent/server_test.go,approved,
golang.org/x/crypto,v0.25.0,ssh/agent/testdata_test.go,approved,
golang.org/x/crypto,v0.25.0,ssh/benchmark_test.go,approved,
golang.org/x/crypto,v0.25.0,ssh/buffer_test.go,approved,
golang.org/x/crypto,v0.25.0,ssh/certs_test.go,approved,
golang.org/x/crypto,v0.25.0,ssh/cipher_test.go,approved,
golang.org/x/crypto,v0.25.0,ssh/client_auth_test.go,approved,
golang.org/x/crypto,v0.25.0,ssh/client_test.go,approved,
golang.org/x/crypto,v0.25.0,ssh/common_test.go,approved,
golang.org/x/crypto,v0.25.0,ssh/example_test.go,approved,
golang.org/x/crypto,v0.25.0,ssh/handshake_test.go,approved,
golang.org/x/crypto,v0.25.0,ssh/internal/bcrypt_pbkdf/bcrypt_pbkdf_test.go,approved,
golang.org/x/crypto,v0.25.0,ssh/kex_test.go,approved,
golang.org/x/crypto,v0.25.0,ssh/keys_test.go,approved,
golang.org/x/crypto,v0.25.0,ssh/knownhosts/knownhosts_test.go,approved,
golang.org/x/crypto,v0.25.0,ssh/mempipe_test.go,approved,
golang.org/x/crypto,v0.25.0,ssh/messages_test.go,approved,
golang.org/x/crypto,v0.25.0,ssh/mux_test.go,approved,
golang.org/x/crypto,v0.25.0,ssh/server_multi_auth_test.go,approved,
golang.org/x/crypto,v0.25.0,ssh/server_test.go,approved,
golang.org/x/crypto,v0.25.0,ssh/session_test.go,approved,
golang.org/x/crypto,v0.25.0,ssh/ssh_gss_test.go,approved,
golang.org/x/crypto,v0.25.0,ssh/tcpip_test.go,rejected,test integrity violation: test TestClientImplementsDialContext has no reachable assertions
golang.org/x/crypto,v0.25.0,ssh/test/agent_unix_test.go,approved,
golang.org/x/crypto,v0.25.0,ssh/test/banner_test.go,approved,
golang.org/x/crypto,v0.25.0,ssh/test/cert_test.go,approved,
golang.org/x/crypto,v0.25.0,ssh/test/dial_unix_test.go,approved,
golang.org/x/crypto,v0.25.0,ssh/test/forward_unix_test.go,approved,
golang.org/x/crypto,v0.25.0,ssh/test/multi_auth_test.go,approved,
golang.org/x/crypto,v0.25.0,ssh/test/server_test.go,approved,
golang.org/x/crypto,v0.25.0,ssh/test/session_test.go,approved,
golang.org/x/crypto,v0.25.0,ssh/test/sshcli_test.go,approved,
golang.org/x/crypto,v0.25.0,ssh/test/test_unix_test.go,approved,
golang.org/x/crypto,v0.25.0,ssh/test/testdata_test.go,approved,
golang.org/x/crypto,v0.25.0,ssh/testdata_test.go,approved,
golang.org/x/crypto,v0.25.0,ssh/transport_test.go,approved,
golang.org/x/crypto,v0.25.0,tea/tea_test.go,approved,
golang.org/x/crypto,v0.25.0,twofish/twofish_test.go,approved,
golang.org/x/crypto,v0.25.0,x509roots/nss/parser_test.go,approved,
golang.org/x/crypto,v0.25.0,xtea/xtea_test.go,approved,
golang.org/x/crypto,v0.25.0,xts/xts_test.go,approved,
github.com/stretchr/testify,v1.9.0,assert/assertion_compare_test.go,approved,
github.com/stretchr/testify,v1.9.0,assert/assertion_order_test.go,approved,
github.com/stretchr/testify,v1.9.0,assert/assertions_test.go,approved,
github.com/stretchr/testify,v1.9.0,assert/forward_assertions_test.go,approved,
github.com/stretchr/testify,v1.9.0,assert/http_assertions_test.go,approved,
github.com/stretchr/testify,v1.9.0,assert/internal/unsafetests/unsafetests_test.go,approved,
github.com/stretchr/testify,v1.9.0,mock/mock_test.go,approved,
github.com/stretchr/testify,v1.9.0,package_test.go,rejected,"test integrity violation: tautological assertion / dead test condition detected (if assert.Equal(t, 1, 1) != true {)"
github.com/stretchr/testify,v1.9.0,require/forward_requirements_test.go,approved,
github.com/stretchr/testify,v1.9.0,require/requirements_test.go,approved,
github.com/stretchr/testify,v1.9.0,suite/stats_test.go,approved,
github.com/stretchr/testify,v1.9.0,suite/suite_test.go,approved,
github.com/spf13/cobra,v1.8.1,active_help_test.go,approved,
github.com/spf13/cobra,v1.8.1,args_test.go,approved,
github.com/spf13/cobra,v1.8.1,bash_completionsV2_test.go,approved,
github.com/spf13/cobra,v1.8.1,bash_completions_test.go,approved,
github.com/spf13/cobra,v1.8.1,cobra_test.go,approved,
github.com/spf13/cobra,v1.8.1,command_test.go,approved,
github.com/spf13/cobra,v1.8.1,completions_test.go,approved,
github.com/spf13/cobra,v1.8.1,doc/cmd_test.go,approved,
github.com/spf13/cobra,v1.8.1,doc/man_docs_test.go,approved,
github.com/spf13/cobra,v1.8.1,doc/man_examples_test.go,approved,
github.com/spf13/cobra,v1.8.1,doc/md_docs_test.go,approved,
github.com/spf13/cobra,v1.8.1,doc/rest_docs_test.go,approved,
github.com/spf13/cobra,v1.8.1,doc/yaml_docs_test.go,approved,
github.com/spf13/cobra,v1.8.1,fish_completions_test.go,approved,
github.com/spf13/cobra,v1.8.1,flag_groups_test.go,approved,
github.com/spf13/cobra,v1.8.1,powershell_completions_test.go,approved,
github.com/spf13/cobra,v1.8.1,zsh_completions_test.go,approved,
golang.org/x/sys,v0.22.0,cpu/cpu_s390x_test.go,rejected,"test integrity violation: environment/OS/arch-gated early return detected (runtime.GOOS != ""zos"")"
golang.org/x/sys,v0.22.0,cpu/cpu_test.go,rejected,"test integrity violation: environment/OS/arch-gated early return detected (runtime.GOARCH != ""arm64"" || runtime.GOOS == ""ios"")"
golang.org/x/sys,v0.22.0,cpu/endian_test.go,approved,
golang.org/x/sys,v0.22.0,cpu/parse_test.go,approved,
golang.org/x/sys,v0.22.0,cpu/runtime_auxv_go121_test.go,approved,
golang.org/x/sys,v0.22.0,execabs/execabs_test.go,approved,
golang.org/x/sys,v0.22.0,plan9/syscall_test.go,approved,
golang.org/x/sys,v0.22.0,unix/creds_test.go,approved,
golang.org/x/sys,v0.22.0,unix/darwin_amd64_test.go,approved,
golang.org/x/sys,v0.22.0,unix/darwin_arm64_test.go,approved,
golang.org/x/sys,v0.22.0,unix/darwin_test.go,approved,
golang.org/x/sys,v0.22.0,unix/dev_linux_test.go,approved,
golang.org/x/sys,v0.22.0,unix/dev_zos_test.go,approved,
golang.org/x/sys,v0.22.0,unix/dirent_test.go,approved,
golang.org/x/sys,v0.22.0,unix/dup3_test.go,approved,
golang.org/x/sys,v0.22.0,unix/example_exec_test.go,approved,
golang.org/x/sys,v0.22.0,unix/example_flock_test.go,approved,
golang.org/x/sys,v0.22.0,unix/example_sysvshm_test.go,approved,
golang.org/x/sys,v0.22.0,unix/export_mremap_test.go,approved,
golang.org/x/sys,v0.22.0,unix/fdset_test.go,approved,
golang.org/x/sys,v0.22.0,unix/getdirentries_test.go,approved,
golang.org/x/sys,v0.22.0,unix/getfsstat_test.go,approved,
golang.org/x/sys,v0.22.0,unix/ifreq_linux_test.go,approved,
golang.org/x/sys,v0.22.0,unix/internal/mkmerge/mkmerge_test.go,approved,
golang.org/x/sys,v0.22.0,unix/mmap_unix_test.go,approved,
golang.org/x/sys,v0.22.0,unix/mmap_zos_test.go,approved,
golang.org/x/sys,v0.22.0,unix/mremap_test.go,approved,
golang.org/x/sys,v0.22.0,unix/openbsd_test.go,approved,
golang.org/x/sys,v0.22.0,unix/pipe2_test.go,approved,
golang.org/x/sys,v0.22.0,unix/sendfile_test.go,approved,
golang.org/x/sys,v0.22.0,unix/syscall_aix_test.go,approved,
golang.org/x/sys,v0.22.0,unix/syscall_bsd_test.go,rejected,"test integrity violation: environment/OS/arch-gated early return detected (runtime.GOOS == ""openbsd"" && err == unix.ENOMEM || err == unix.EIO)"
golang.org/x/sys,v0.22.0,unix/syscall_darwin_test.go,approved,
golang.org/x/sys,v0.22.0,unix/syscall_freebsd_test.go,approved,
golang.org/x/sys,v0.22.0,unix/syscall_internal_bsd_test.go,approved,
golang.org/x/sys,v0.22.0,unix/syscall_internal_darwin_test.go,approved,
golang.org/x/sys,v0.22.0,unix/syscall_internal_linux_test.go,approved,
golang.org/x/sys,v0.22.0,unix/syscall_internal_solaris_test.go,approved,
golang.org/x/sys,v0.22.0,unix/syscall_linux_test.go,approved,
golang.org/x/sys,v0.22.0,unix/syscall_netbsd_test.go,approved,
golang.org/x/sys,v0.22.0,unix/syscall_openbsd_test.go,approved,
golang.org/x/sys,v0.22.0,unix/syscall_solaris_test.go,approved,
golang.org/x/sys,v0.22.0,unix/syscall_test.go,rejected,test integrity violation: test TestStatFieldNames has no reachable assertions
golang.org/x/sys,v0.22.0,unix/syscall_unix_test.go,rejected,test integrity violation: test snippet has no reachable assertions
golang.org/x/sys,v0.22.0,unix/syscall_zos_test.go,rejected,test integrity violation: test snippet has no reachable assertions
golang.org/x/sys,v0.22.0,unix/sysctl_netbsd_test.go,approved,
golang.org/x/sys,v0.22.0,unix/sysvshm_unix_test.go,approved,
golang.org/x/sys,v0.22.0,unix/timestruct_test.go,approved,
golang.org/x/sys,v0.22.0,unix/xattr_test.go,approved,
golang.org/x/sys,v0.22.0,unix/xattr_zos_test.go,approved,
golang.org/x/sys,v0.22.0,windows/env_windows_test.go,approved,
golang.org/x/sys,v0.22.0,windows/mkwinsyscall/mkwinsyscall_test.go,approved,
golang.org/x/sys,v0.22.0,windows/registry/export_test.go,approved,
golang.org/x/sys,v0.22.0,windows/registry/registry_test.go,approved,
golang.org/x/sys,v0.22.0,windows/svc/eventlog/log_test.go,approved,
golang.org/x/sys,v0.22.0,windows/svc/mgr/mgr_test.go,approved,
golang.org/x/sys,v0.22.0,windows/svc/svc_test.go,approved,
golang.org/x/sys,v0.22.0,windows/syscall_test.go,approved,
golang.org/x/sys,v0.22.0,windows/syscall_windows_test.go,approved,
github.com/pkg/errors,v0.9.1,bench_test.go,approved,
github.com/pkg/errors,v0.9.1,errors_test.go,approved,
github.com/pkg/errors,v0.9.1,example_test.go,approved,
github.com/pkg/errors,v0.9.1,format_test.go,approved,
github.com/pkg/errors,v0.9.1,go113_test.go,approved,
github.com/pkg/errors,v0.9.1,json_test.go,approved,
github.com/pkg/errors,v0.9.1,stack_test.go,approved,
